# ************************************************************
# Sequel Pro SQL dump
# Version 5446
#
# https://www.sequelpro.com/
# https://github.com/sequelpro/sequelpro
#
# Host: 127.0.0.1 (MySQL 8.0.26)
# Database: ninja_hr
# Generation Time: 2021-09-18 6:16:43 AM +0000
# ************************************************************


/*!40101 SET @OLD_CHARACTER_SET_CLIENT=@@CHARACTER_SET_CLIENT */;
/*!40101 SET @OLD_CHARACTER_SET_RESULTS=@@CHARACTER_SET_RESULTS */;
/*!40101 SET @OLD_COLLATION_CONNECTION=@@COLLATION_CONNECTION */;
/*!40101 SET NAMES utf8 */;
SET NAMES utf8mb4;
/*!40014 SET @OLD_FOREIGN_KEY_CHECKS=@@FOREIGN_KEY_CHECKS, FOREIGN_KEY_CHECKS=0 */;
/*!40101 SET @OLD_SQL_MODE=@@SQL_MODE, SQL_MODE='NO_AUTO_VALUE_ON_ZERO' */;
/*!40111 SET @OLD_SQL_NOTES=@@SQL_NOTES, SQL_NOTES=0 */;


# Dump of table checkin_checkouts
# ------------------------------------------------------------

DROP TABLE IF EXISTS `checkin_checkouts`;

CREATE TABLE `checkin_checkouts` (
  `id` bigint unsigned NOT NULL AUTO_INCREMENT,
  `user_id` bigint NOT NULL,
  `date` date DEFAULT NULL,
  `checkin_time` timestamp NULL DEFAULT NULL,
  `checkout_time` timestamp NULL DEFAULT NULL,
  `created_at` timestamp NULL DEFAULT NULL,
  `updated_at` timestamp NULL DEFAULT NULL,
  PRIMARY KEY (`id`)
) ENGINE=InnoDB DEFAULT CHARSET=utf8mb4 COLLATE=utf8mb4_unicode_ci;

LOCK TABLES `checkin_checkouts` WRITE;
/*!40000 ALTER TABLE `checkin_checkouts` DISABLE KEYS */;

INSERT INTO `checkin_checkouts` (`id`, `user_id`, `date`, `checkin_time`, `checkout_time`, `created_at`, `updated_at`)
VALUES
	(1,2,'2021-01-01','2021-01-01 08:25:00','2021-01-01 18:29:00','2021-09-07 00:28:10','2021-09-07 00:28:10'),
	(2,2,'2021-01-04','2021-01-04 08:07:00','2021-01-04 18:47:00','2021-09-07 00:28:10','2021-09-07 00:28:10'),
	(3,2,'2021-01-05','2021-01-05 08:58:00','2021-01-05 18:30:00','2021-09-07 00:28:10','2021-09-07 00:28:10'),
	(4,2,'2021-01-06','2021-01-06 08:28:00','2021-01-06 18:29:00','2021-09-07 00:28:10','2021-09-07 00:28:10'),
	(5,2,'2021-01-07','2021-01-07 08:59:00','2021-01-07 18:06:00','2021-09-07 00:28:10','2021-09-07 00:28:10'),
	(6,2,'2021-01-08','2021-01-08 08:42:00','2021-01-08 18:17:00','2021-09-07 00:28:10','2021-09-07 00:28:10'),
	(7,2,'2021-01-11','2021-01-11 08:48:00','2021-01-11 18:30:00','2021-09-07 00:28:10','2021-09-07 00:28:10'),
	(8,2,'2021-01-12','2021-01-12 08:51:00','2021-01-12 18:13:00','2021-09-07 00:28:10','2021-09-07 00:28:10'),
	(9,2,'2021-01-13','2021-01-13 08:54:00','2021-01-13 18:08:00','2021-09-07 00:28:10','2021-09-07 00:28:10'),
	(10,2,'2021-01-14','2021-01-14 08:56:00','2021-01-14 18:36:00','2021-09-07 00:28:10','2021-09-07 00:28:10'),
	(11,2,'2021-01-15','2021-01-15 08:59:00','2021-01-15 18:52:00','2021-09-07 00:28:10','2021-09-07 00:28:10'),
	(12,2,'2021-01-18','2021-01-18 08:17:00','2021-01-18 18:39:00','2021-09-07 00:28:10','2021-09-07 00:28:10'),
	(13,2,'2021-01-19','2021-01-19 08:09:00','2021-01-19 18:39:00','2021-09-07 00:28:10','2021-09-07 00:28:10'),
	(14,2,'2021-01-20','2021-01-20 08:21:00','2021-01-20 18:54:00','2021-09-07 00:28:10','2021-09-07 00:28:10'),
	(15,2,'2021-01-21','2021-01-21 08:07:00','2021-01-21 18:52:00','2021-09-07 00:28:10','2021-09-07 00:28:10'),
	(16,2,'2021-01-22','2021-01-22 08:42:00','2021-01-22 18:48:00','2021-09-07 00:28:10','2021-09-07 00:28:10'),
	(17,2,'2021-01-25','2021-01-25 08:47:00','2021-01-25 18:05:00','2021-09-07 00:28:10','2021-09-07 00:28:10'),
	(18,2,'2021-01-26','2021-01-26 08:46:00','2021-01-26 18:47:00','2021-09-07 00:28:10','2021-09-07 00:28:10'),
	(19,2,'2021-01-27','2021-01-27 08:54:00','2021-01-27 18:03:00','2021-09-07 00:28:10','2021-09-07 00:28:10'),
	(20,2,'2021-01-28','2021-01-28 08:12:00','2021-01-28 18:28:00','2021-09-07 00:28:10','2021-09-07 00:28:10'),
	(21,2,'2021-01-29','2021-01-29 08:07:00','2021-01-29 18:03:00','2021-09-07 00:28:10','2021-09-07 00:28:10'),
	(22,2,'2021-02-01','2021-02-01 08:55:00','2021-02-01 18:31:00','2021-09-07 00:28:10','2021-09-07 00:28:10'),
	(23,2,'2021-02-02','2021-02-02 08:56:00','2021-02-02 18:08:00','2021-09-07 00:28:10','2021-09-07 00:28:10'),
	(24,2,'2021-02-03','2021-02-03 08:08:00','2021-02-03 18:36:00','2021-09-07 00:28:10','2021-09-07 00:28:10'),
	(25,2,'2021-02-04','2021-02-04 08:20:00','2021-02-04 18:48:00','2021-09-07 00:28:10','2021-09-07 00:28:10'),
	(26,2,'2021-02-05','2021-02-05 08:09:00','2021-02-05 18:05:00','2021-09-07 00:28:10','2021-09-07 00:28:10'),
	(27,2,'2021-02-08','2021-02-08 08:55:00','2021-02-08 18:50:00','2021-09-07 00:28:10','2021-09-07 00:28:10'),
	(28,2,'2021-02-09','2021-02-09 08:39:00','2021-02-09 18:06:00','2021-09-07 00:28:10','2021-09-07 00:28:10'),
	(29,2,'2021-02-10','2021-02-10 08:34:00','2021-02-10 18:33:00','2021-09-07 00:28:10','2021-09-07 00:28:10'),
	(30,2,'2021-02-11','2021-02-11 08:30:00','2021-02-11 18:37:00','2021-09-07 00:28:10','2021-09-07 00:28:10'),
	(31,2,'2021-02-12','2021-02-12 08:36:00','2021-02-12 18:41:00','2021-09-07 00:28:10','2021-09-07 00:28:10'),
	(32,2,'2021-02-15','2021-02-15 08:17:00','2021-02-15 18:15:00','2021-09-07 00:28:10','2021-09-07 00:28:10'),
	(33,2,'2021-02-16','2021-02-16 08:10:00','2021-02-16 18:46:00','2021-09-07 00:28:10','2021-09-07 00:28:10'),
	(34,2,'2021-02-17','2021-02-17 08:22:00','2021-02-17 18:47:00','2021-09-07 00:28:10','2021-09-07 00:28:10'),
	(35,2,'2021-02-18','2021-02-18 08:42:00','2021-02-18 18:05:00','2021-09-07 00:28:10','2021-09-07 00:28:10'),
	(36,2,'2021-02-19','2021-02-19 08:40:00','2021-02-19 18:26:00','2021-09-07 00:28:10','2021-09-07 00:28:10'),
	(37,2,'2021-02-22','2021-02-22 08:41:00','2021-02-22 18:43:00','2021-09-07 00:28:10','2021-09-07 00:28:10'),
	(38,2,'2021-02-23','2021-02-23 08:41:00','2021-02-23 18:02:00','2021-09-07 00:28:10','2021-09-07 00:28:10'),
	(39,2,'2021-02-24','2021-02-24 08:16:00','2021-02-24 18:47:00','2021-09-07 00:28:10','2021-09-07 00:28:10'),
	(40,2,'2021-02-25','2021-02-25 08:05:00','2021-02-25 18:42:00','2021-09-07 00:28:10','2021-09-07 00:28:10'),
	(41,2,'2021-02-26','2021-02-26 08:57:00','2021-02-26 18:01:00','2021-09-07 00:28:10','2021-09-07 00:28:10'),
	(42,2,'2021-03-01','2021-03-01 08:49:00','2021-03-01 18:10:00','2021-09-07 00:28:10','2021-09-07 00:28:10'),
	(43,2,'2021-03-02','2021-03-02 08:24:00','2021-03-02 18:19:00','2021-09-07 00:28:10','2021-09-07 00:28:10'),
	(44,2,'2021-03-03','2021-03-03 08:12:00','2021-03-03 18:28:00','2021-09-07 00:28:10','2021-09-07 00:28:10'),
	(45,2,'2021-03-04','2021-03-04 08:39:00','2021-03-04 18:08:00','2021-09-07 00:28:10','2021-09-07 00:28:10'),
	(46,2,'2021-03-05','2021-03-05 08:32:00','2021-03-05 18:49:00','2021-09-07 00:28:10','2021-09-07 00:28:10'),
	(47,2,'2021-03-08','2021-03-08 08:14:00','2021-03-08 18:50:00','2021-09-07 00:28:10','2021-09-07 00:28:10'),
	(48,2,'2021-03-09','2021-03-09 08:06:00','2021-03-09 18:47:00','2021-09-07 00:28:10','2021-09-07 00:28:10'),
	(49,2,'2021-03-10','2021-03-10 08:27:00','2021-03-10 18:40:00','2021-09-07 00:28:10','2021-09-07 00:28:10'),
	(50,2,'2021-03-11','2021-03-11 08:47:00','2021-03-11 18:19:00','2021-09-07 00:28:10','2021-09-07 00:28:10'),
	(51,2,'2021-03-12','2021-03-12 08:56:00','2021-03-12 18:51:00','2021-09-07 00:28:10','2021-09-07 00:28:10'),
	(52,2,'2021-03-15','2021-03-15 08:35:00','2021-03-15 18:18:00','2021-09-07 00:28:10','2021-09-07 00:28:10'),
	(53,2,'2021-03-16','2021-03-16 08:37:00','2021-03-16 18:33:00','2021-09-07 00:28:10','2021-09-07 00:28:10'),
	(54,2,'2021-03-17','2021-03-17 08:13:00','2021-03-17 18:08:00','2021-09-07 00:28:10','2021-09-07 00:28:10'),
	(55,2,'2021-03-18','2021-03-18 08:59:00','2021-03-18 18:51:00','2021-09-07 00:28:10','2021-09-07 00:28:10'),
	(56,2,'2021-03-19','2021-03-19 08:38:00','2021-03-19 18:11:00','2021-09-07 00:28:10','2021-09-07 00:28:10'),
	(57,2,'2021-03-22','2021-03-22 08:38:00','2021-03-22 18:18:00','2021-09-07 00:28:10','2021-09-07 00:28:10'),
	(58,2,'2021-03-23','2021-03-23 08:21:00','2021-03-23 18:34:00','2021-09-07 00:28:10','2021-09-07 00:28:10'),
	(59,2,'2021-03-24','2021-03-24 08:19:00','2021-03-24 18:42:00','2021-09-07 00:28:10','2021-09-07 00:28:10'),
	(60,2,'2021-03-25','2021-03-25 08:20:00','2021-03-25 18:18:00','2021-09-07 00:28:10','2021-09-07 00:28:10'),
	(61,2,'2021-03-26','2021-03-26 08:28:00','2021-03-26 18:39:00','2021-09-07 00:28:10','2021-09-07 00:28:10'),
	(62,2,'2021-03-29','2021-03-29 08:54:00','2021-03-29 18:22:00','2021-09-07 00:28:10','2021-09-07 00:28:10'),
	(63,2,'2021-03-30','2021-03-30 08:06:00','2021-03-30 18:09:00','2021-09-07 00:28:10','2021-09-07 00:28:10'),
	(64,2,'2021-03-31','2021-03-31 08:46:00','2021-03-31 18:26:00','2021-09-07 00:28:10','2021-09-07 00:28:10'),
	(65,2,'2021-04-01','2021-04-01 08:13:00','2021-04-01 18:51:00','2021-09-07 00:28:10','2021-09-07 00:28:10'),
	(66,2,'2021-04-02','2021-04-02 08:27:00','2021-04-02 18:48:00','2021-09-07 00:28:10','2021-09-07 00:28:10'),
	(67,2,'2021-04-05','2021-04-05 08:40:00','2021-04-05 18:51:00','2021-09-07 00:28:10','2021-09-07 00:28:10'),
	(68,2,'2021-04-06','2021-04-06 08:10:00','2021-04-06 18:28:00','2021-09-07 00:28:10','2021-09-07 00:28:10'),
	(69,2,'2021-04-07','2021-04-07 08:30:00','2021-04-07 18:33:00','2021-09-07 00:28:10','2021-09-07 00:28:10'),
	(70,2,'2021-04-08','2021-04-08 08:21:00','2021-04-08 18:31:00','2021-09-07 00:28:10','2021-09-07 00:28:10'),
	(71,2,'2021-04-09','2021-04-09 08:16:00','2021-04-09 18:26:00','2021-09-07 00:28:10','2021-09-07 00:28:10'),
	(72,2,'2021-04-12','2021-04-12 08:43:00','2021-04-12 18:43:00','2021-09-07 00:28:10','2021-09-07 00:28:10'),
	(73,2,'2021-04-13','2021-04-13 08:18:00','2021-04-13 18:07:00','2021-09-07 00:28:10','2021-09-07 00:28:10'),
	(74,2,'2021-04-14','2021-04-14 08:40:00','2021-04-14 18:38:00','2021-09-07 00:28:10','2021-09-07 00:28:10'),
	(75,2,'2021-04-15','2021-04-15 08:11:00','2021-04-15 18:32:00','2021-09-07 00:28:10','2021-09-07 00:28:10'),
	(76,2,'2021-04-16','2021-04-16 08:29:00','2021-04-16 18:41:00','2021-09-07 00:28:10','2021-09-07 00:28:10'),
	(77,2,'2021-04-19','2021-04-19 08:54:00','2021-04-19 18:32:00','2021-09-07 00:28:10','2021-09-07 00:28:10'),
	(78,2,'2021-04-20','2021-04-20 08:44:00','2021-04-20 18:43:00','2021-09-07 00:28:10','2021-09-07 00:28:10'),
	(79,2,'2021-04-21','2021-04-21 08:32:00','2021-04-21 18:48:00','2021-09-07 00:28:10','2021-09-07 00:28:10'),
	(80,2,'2021-04-22','2021-04-22 08:26:00','2021-04-22 18:21:00','2021-09-07 00:28:10','2021-09-07 00:28:10'),
	(81,2,'2021-04-23','2021-04-23 08:54:00','2021-04-23 18:29:00','2021-09-07 00:28:10','2021-09-07 00:28:10'),
	(82,2,'2021-04-26','2021-04-26 08:29:00','2021-04-26 18:39:00','2021-09-07 00:28:10','2021-09-07 00:28:10'),
	(83,2,'2021-04-27','2021-04-27 08:31:00','2021-04-27 18:43:00','2021-09-07 00:28:10','2021-09-07 00:28:10'),
	(84,2,'2021-04-28','2021-04-28 08:12:00','2021-04-28 18:47:00','2021-09-07 00:28:10','2021-09-07 00:28:10'),
	(85,2,'2021-04-29','2021-04-29 08:50:00','2021-04-29 18:30:00','2021-09-07 00:28:10','2021-09-07 00:28:10'),
	(86,2,'2021-04-30','2021-04-30 08:35:00','2021-04-30 18:10:00','2021-09-07 00:28:10','2021-09-07 00:28:10'),
	(87,2,'2021-05-03','2021-05-03 08:30:00','2021-05-03 18:27:00','2021-09-07 00:28:10','2021-09-07 00:28:10'),
	(88,2,'2021-05-04','2021-05-04 08:14:00','2021-05-04 18:31:00','2021-09-07 00:28:10','2021-09-07 00:28:10'),
	(89,2,'2021-05-05','2021-05-05 08:46:00','2021-05-05 18:15:00','2021-09-07 00:28:10','2021-09-07 00:28:10'),
	(90,2,'2021-05-06','2021-05-06 08:24:00','2021-05-06 18:42:00','2021-09-07 00:28:10','2021-09-07 00:28:10'),
	(91,2,'2021-05-07','2021-05-07 08:39:00','2021-05-07 18:24:00','2021-09-07 00:28:10','2021-09-07 00:28:10'),
	(92,2,'2021-05-10','2021-05-10 08:14:00','2021-05-10 18:12:00','2021-09-07 00:28:10','2021-09-07 00:28:10'),
	(93,2,'2021-05-11','2021-05-11 08:11:00','2021-05-11 18:45:00','2021-09-07 00:28:10','2021-09-07 00:28:10'),
	(94,2,'2021-05-12','2021-05-12 08:29:00','2021-05-12 18:07:00','2021-09-07 00:28:10','2021-09-07 00:28:10'),
	(95,2,'2021-05-13','2021-05-13 08:12:00','2021-05-13 18:46:00','2021-09-07 00:28:10','2021-09-07 00:28:10'),
	(96,2,'2021-05-14','2021-05-14 08:41:00','2021-05-14 18:05:00','2021-09-07 00:28:10','2021-09-07 00:28:10'),
	(97,2,'2021-05-17','2021-05-17 08:37:00','2021-05-17 18:31:00','2021-09-07 00:28:10','2021-09-07 00:28:10'),
	(98,2,'2021-05-18','2021-05-18 08:27:00','2021-05-18 18:40:00','2021-09-07 00:28:10','2021-09-07 00:28:10'),
	(99,2,'2021-05-19','2021-05-19 08:21:00','2021-05-19 18:32:00','2021-09-07 00:28:10','2021-09-07 00:28:10'),
	(100,2,'2021-05-20','2021-05-20 08:41:00','2021-05-20 18:34:00','2021-09-07 00:28:10','2021-09-07 00:28:10'),
	(101,2,'2021-05-21','2021-05-21 08:54:00','2021-05-21 18:40:00','2021-09-07 00:28:10','2021-09-07 00:28:10'),
	(102,2,'2021-05-24','2021-05-24 08:07:00','2021-05-24 18:48:00','2021-09-07 00:28:10','2021-09-07 00:28:10'),
	(103,2,'2021-05-25','2021-05-25 08:41:00','2021-05-25 18:06:00','2021-09-07 00:28:10','2021-09-07 00:28:10'),
	(104,2,'2021-05-26','2021-05-26 08:19:00','2021-05-26 18:37:00','2021-09-07 00:28:10','2021-09-07 00:28:10'),
	(105,2,'2021-05-27','2021-05-27 08:48:00','2021-05-27 18:07:00','2021-09-07 00:28:10','2021-09-07 00:28:10'),
	(106,2,'2021-05-28','2021-05-28 08:42:00','2021-05-28 18:45:00','2021-09-07 00:28:10','2021-09-07 00:28:10'),
	(107,2,'2021-05-31','2021-05-31 08:17:00','2021-05-31 18:05:00','2021-09-07 00:28:10','2021-09-07 00:28:10'),
	(108,2,'2021-06-01','2021-06-01 08:57:00','2021-06-01 18:53:00','2021-09-07 00:28:10','2021-09-07 00:28:10'),
	(109,2,'2021-06-02','2021-06-02 08:29:00','2021-06-02 18:29:00','2021-09-07 00:28:10','2021-09-07 00:28:10'),
	(110,2,'2021-06-03','2021-06-03 08:16:00','2021-06-03 18:04:00','2021-09-07 00:28:10','2021-09-07 00:28:10'),
	(111,2,'2021-06-04','2021-06-04 08:08:00','2021-06-04 18:34:00','2021-09-07 00:28:10','2021-09-07 00:28:10'),
	(112,2,'2021-06-07','2021-06-07 08:58:00','2021-06-07 18:04:00','2021-09-07 00:28:10','2021-09-07 00:28:10'),
	(113,2,'2021-06-08','2021-06-08 08:56:00','2021-06-08 18:16:00','2021-09-07 00:28:10','2021-09-07 00:28:10'),
	(114,2,'2021-06-09','2021-06-09 08:07:00','2021-06-09 18:13:00','2021-09-07 00:28:10','2021-09-07 00:28:10'),
	(115,2,'2021-06-10','2021-06-10 08:33:00','2021-06-10 18:39:00','2021-09-07 00:28:10','2021-09-07 00:28:10'),
	(116,2,'2021-06-11','2021-06-11 08:48:00','2021-06-11 18:01:00','2021-09-07 00:28:10','2021-09-07 00:28:10'),
	(117,2,'2021-06-14','2021-06-14 08:28:00','2021-06-14 18:48:00','2021-09-07 00:28:10','2021-09-07 00:28:10'),
	(118,2,'2021-06-15','2021-06-15 08:25:00','2021-06-15 18:55:00','2021-09-07 00:28:10','2021-09-07 00:28:10'),
	(119,2,'2021-06-16','2021-06-16 08:59:00','2021-06-16 18:16:00','2021-09-07 00:28:10','2021-09-07 00:28:10'),
	(120,2,'2021-06-17','2021-06-17 08:57:00','2021-06-17 18:08:00','2021-09-07 00:28:10','2021-09-07 00:28:10'),
	(121,2,'2021-06-18','2021-06-18 08:50:00','2021-06-18 18:24:00','2021-09-07 00:28:10','2021-09-07 00:28:10'),
	(122,2,'2021-06-21','2021-06-21 08:23:00','2021-06-21 18:28:00','2021-09-07 00:28:10','2021-09-07 00:28:10'),
	(123,2,'2021-06-22','2021-06-22 08:28:00','2021-06-22 18:13:00','2021-09-07 00:28:10','2021-09-07 00:28:10'),
	(124,2,'2021-06-23','2021-06-23 08:29:00','2021-06-23 18:11:00','2021-09-07 00:28:10','2021-09-07 00:28:10'),
	(125,2,'2021-06-24','2021-06-24 08:47:00','2021-06-24 18:31:00','2021-09-07 00:28:10','2021-09-07 00:28:10'),
	(126,2,'2021-06-25','2021-06-25 08:56:00','2021-06-25 18:46:00','2021-09-07 00:28:10','2021-09-07 00:28:10'),
	(127,2,'2021-06-28','2021-06-28 08:44:00','2021-06-28 18:36:00','2021-09-07 00:28:10','2021-09-07 00:28:10'),
	(128,2,'2021-06-29','2021-06-29 08:41:00','2021-06-29 18:05:00','2021-09-07 00:28:10','2021-09-07 00:28:10'),
	(129,2,'2021-06-30','2021-06-30 08:18:00','2021-06-30 18:14:00','2021-09-07 00:28:10','2021-09-07 00:28:10'),
	(130,2,'2021-07-01','2021-07-01 08:05:00','2021-07-01 18:45:00','2021-09-07 00:28:10','2021-09-07 00:28:10'),
	(131,2,'2021-07-02','2021-07-02 08:31:00','2021-07-02 18:45:00','2021-09-07 00:28:10','2021-09-07 00:28:10'),
	(132,2,'2021-07-05','2021-07-05 08:16:00','2021-07-05 18:09:00','2021-09-07 00:28:10','2021-09-07 00:28:10'),
	(133,2,'2021-07-06','2021-07-06 08:28:00','2021-07-06 18:19:00','2021-09-07 00:28:10','2021-09-07 00:28:10'),
	(134,2,'2021-07-07','2021-07-07 08:13:00','2021-07-07 18:33:00','2021-09-07 00:28:10','2021-09-07 00:28:10'),
	(135,2,'2021-07-08','2021-07-08 08:06:00','2021-07-08 18:55:00','2021-09-07 00:28:10','2021-09-07 00:28:10'),
	(136,2,'2021-07-09','2021-07-09 08:07:00','2021-07-09 18:38:00','2021-09-07 00:28:10','2021-09-07 00:28:10'),
	(137,2,'2021-07-12','2021-07-12 08:07:00','2021-07-12 18:38:00','2021-09-07 00:28:10','2021-09-07 00:28:10'),
	(138,2,'2021-07-13','2021-07-13 08:59:00','2021-07-13 18:14:00','2021-09-07 00:28:10','2021-09-07 00:28:10'),
	(139,2,'2021-07-14','2021-07-14 08:32:00','2021-07-14 18:16:00','2021-09-07 00:28:10','2021-09-07 00:28:10'),
	(140,2,'2021-07-15','2021-07-15 08:43:00','2021-07-15 18:50:00','2021-09-07 00:28:10','2021-09-07 00:28:10'),
	(141,2,'2021-07-16','2021-07-16 08:54:00','2021-07-16 18:41:00','2021-09-07 00:28:10','2021-09-07 00:28:10'),
	(142,2,'2021-07-19','2021-07-19 08:50:00','2021-07-19 18:11:00','2021-09-07 00:28:10','2021-09-07 00:28:10'),
	(143,2,'2021-07-20','2021-07-20 08:08:00','2021-07-20 18:08:00','2021-09-07 00:28:10','2021-09-07 00:28:10'),
	(144,2,'2021-07-21','2021-07-21 08:07:00','2021-07-21 18:38:00','2021-09-07 00:28:10','2021-09-07 00:28:10'),
	(145,2,'2021-07-22','2021-07-22 08:21:00','2021-07-22 18:45:00','2021-09-07 00:28:10','2021-09-07 00:28:10'),
	(146,2,'2021-07-23','2021-07-23 08:56:00','2021-07-23 18:50:00','2021-09-07 00:28:10','2021-09-07 00:28:10'),
	(147,2,'2021-07-26','2021-07-26 08:22:00','2021-07-26 18:26:00','2021-09-07 00:28:10','2021-09-07 00:28:10'),
	(148,2,'2021-07-27','2021-07-27 08:21:00','2021-07-27 18:23:00','2021-09-07 00:28:10','2021-09-07 00:28:10'),
	(149,2,'2021-07-28','2021-07-28 08:42:00','2021-07-28 18:07:00','2021-09-07 00:28:10','2021-09-07 00:28:10'),
	(150,2,'2021-07-29','2021-07-29 08:56:00','2021-07-29 18:15:00','2021-09-07 00:28:10','2021-09-07 00:28:10'),
	(151,2,'2021-07-30','2021-07-30 08:12:00','2021-07-30 18:22:00','2021-09-07 00:28:10','2021-09-07 00:28:10'),
	(152,2,'2021-08-02','2021-08-02 08:51:00','2021-08-02 18:51:00','2021-09-07 00:28:10','2021-09-07 00:28:10'),
	(153,2,'2021-08-03','2021-08-03 08:19:00','2021-08-03 18:30:00','2021-09-07 00:28:10','2021-09-07 00:28:10'),
	(154,2,'2021-08-04','2021-08-04 08:59:00','2021-08-04 18:15:00','2021-09-07 00:28:10','2021-09-07 00:28:10'),
	(155,2,'2021-08-05','2021-08-05 08:40:00','2021-08-05 18:54:00','2021-09-07 00:28:10','2021-09-07 00:28:10'),
	(156,2,'2021-08-06','2021-08-06 08:44:00','2021-08-06 18:48:00','2021-09-07 00:28:10','2021-09-07 00:28:10'),
	(157,2,'2021-08-09','2021-08-09 08:06:00','2021-08-09 18:20:00','2021-09-07 00:28:10','2021-09-07 00:28:10'),
	(158,2,'2021-08-10','2021-08-10 08:23:00','2021-08-10 18:42:00','2021-09-07 00:28:10','2021-09-07 00:28:10'),
	(159,2,'2021-08-11','2021-08-11 08:13:00','2021-08-11 18:21:00','2021-09-07 00:28:10','2021-09-07 00:28:10'),
	(160,2,'2021-08-12','2021-08-12 08:40:00','2021-08-12 18:25:00','2021-09-07 00:28:10','2021-09-07 00:28:10'),
	(161,2,'2021-08-13','2021-08-13 08:47:00','2021-08-13 18:27:00','2021-09-07 00:28:10','2021-09-07 00:28:10'),
	(162,2,'2021-08-16','2021-08-16 08:13:00','2021-08-16 18:39:00','2021-09-07 00:28:10','2021-09-07 00:28:10'),
	(163,2,'2021-08-17','2021-08-17 08:15:00','2021-08-17 18:29:00','2021-09-07 00:28:10','2021-09-07 00:28:10'),
	(164,2,'2021-08-18','2021-08-18 08:14:00','2021-08-18 18:08:00','2021-09-07 00:28:10','2021-09-07 00:28:10'),
	(165,2,'2021-08-19','2021-08-19 08:55:00','2021-08-19 18:08:00','2021-09-07 00:28:10','2021-09-07 00:28:10'),
	(166,2,'2021-08-20','2021-08-20 08:32:00','2021-08-20 18:15:00','2021-09-07 00:28:10','2021-09-07 00:28:10'),
	(167,2,'2021-08-23','2021-08-23 08:10:00','2021-08-23 18:12:00','2021-09-07 00:28:10','2021-09-07 00:28:10'),
	(168,2,'2021-08-24','2021-08-24 08:55:00','2021-08-24 18:44:00','2021-09-07 00:28:10','2021-09-07 00:28:10'),
	(169,2,'2021-08-25','2021-08-25 08:11:00','2021-08-25 18:25:00','2021-09-07 00:28:10','2021-09-07 00:28:10'),
	(170,2,'2021-08-26','2021-08-26 08:55:00','2021-08-26 18:25:00','2021-09-07 00:28:10','2021-09-07 00:28:10'),
	(171,2,'2021-08-27','2021-08-27 08:47:00','2021-08-27 18:18:00','2021-09-07 00:28:10','2021-09-07 00:28:10'),
	(172,2,'2021-08-30','2021-08-30 08:40:00','2021-08-30 18:40:00','2021-09-07 00:28:10','2021-09-07 00:28:10'),
	(173,2,'2021-08-31','2021-08-31 08:48:00','2021-08-31 18:03:00','2021-09-07 00:28:10','2021-09-07 00:28:10'),
	(174,2,'2021-09-01','2021-09-01 09:19:00','2021-09-01 18:24:00','2021-09-07 00:28:10','2021-09-07 00:28:10'),
	(175,2,'2021-09-02',NULL,NULL,'2021-09-07 00:28:10','2021-09-07 00:28:10'),
	(176,2,'2021-09-03','2021-09-03 08:24:00','2021-09-03 18:51:00','2021-09-07 00:28:10','2021-09-07 00:28:10'),
	(177,2,'2021-09-06','2021-09-06 08:13:00','2021-09-06 18:25:00','2021-09-07 00:28:10','2021-09-07 00:28:10'),
	(178,2,'2021-09-07','2021-09-07 08:20:00','2021-09-07 18:45:00','2021-09-07 00:28:10','2021-09-07 00:28:10'),
	(179,2,'2021-09-08','2021-09-08 08:26:00','2021-09-08 18:41:00','2021-09-07 00:28:10','2021-09-07 00:28:10'),
	(180,2,'2021-09-09','2021-09-09 08:27:00','2021-09-09 18:09:00','2021-09-07 00:28:10','2021-09-07 00:28:10'),
	(181,2,'2021-09-10','2021-09-10 08:05:00','2021-09-10 18:17:00','2021-09-07 00:28:10','2021-09-07 00:28:10'),
	(182,2,'2021-09-13','2021-09-13 08:52:00','2021-09-13 18:09:00','2021-09-07 00:28:10','2021-09-07 00:28:10'),
	(183,2,'2021-09-14',NULL,NULL,'2021-09-07 00:28:10','2021-09-07 00:28:10'),
	(184,2,'2021-09-15','2021-09-15 08:45:00','2021-09-15 18:30:00','2021-09-07 00:28:10','2021-09-07 00:28:10'),
	(185,2,'2021-09-16','2021-09-16 08:35:00','2021-09-16 18:19:00','2021-09-07 00:28:10','2021-09-07 00:28:10'),
	(186,2,'2021-09-17','2021-09-17 08:05:00','2021-09-17 18:47:00','2021-09-07 00:28:10','2021-09-07 00:28:10'),
	(187,2,'2021-09-20','2021-09-20 08:34:00','2021-09-20 18:03:00','2021-09-07 00:28:10','2021-09-07 00:28:10'),
	(188,2,'2021-09-21','2021-09-21 08:53:00','2021-09-21 18:09:00','2021-09-07 00:28:10','2021-09-07 00:28:10'),
	(189,2,'2021-09-22','2021-09-22 08:59:00','2021-09-22 18:35:00','2021-09-07 00:28:10','2021-09-07 00:28:10'),
	(190,2,'2021-09-23','2021-09-23 08:16:00','2021-09-23 18:46:00','2021-09-07 00:28:10','2021-09-07 00:28:10'),
	(191,2,'2021-09-24','2021-09-24 08:57:00','2021-09-24 12:45:00','2021-09-07 00:28:10','2021-09-07 00:28:10'),
	(192,2,'2021-09-27','2021-09-27 08:22:00','2021-09-27 18:35:00','2021-09-07 00:28:10','2021-09-07 00:28:10'),
	(193,2,'2021-09-28','2021-09-28 08:30:00','2021-09-28 18:48:00','2021-09-07 00:28:10','2021-09-07 00:28:10'),
	(194,2,'2021-09-29','2021-09-29 08:06:00','2021-09-29 18:36:00','2021-09-07 00:28:10','2021-09-07 00:28:10'),
	(195,2,'2021-09-30','2021-09-30 12:52:00','2021-09-30 18:32:00','2021-09-07 00:28:10','2021-09-07 00:28:10'),
	(196,2,'2021-10-01','2021-10-01 08:21:00','2021-10-01 18:14:00','2021-09-07 00:28:10','2021-09-07 00:28:10'),
	(197,2,'2021-10-04','2021-10-04 08:42:00','2021-10-04 18:10:00','2021-09-07 00:28:10','2021-09-07 00:28:10'),
	(198,2,'2021-10-05','2021-10-05 08:26:00','2021-10-05 18:04:00','2021-09-07 00:28:10','2021-09-07 00:28:10'),
	(199,2,'2021-10-06','2021-10-06 08:38:00','2021-10-06 18:01:00','2021-09-07 00:28:10','2021-09-07 00:28:10'),
	(200,2,'2021-10-07','2021-10-07 08:10:00','2021-10-07 18:05:00','2021-09-07 00:28:10','2021-09-07 00:28:10'),
	(201,2,'2021-10-08','2021-10-08 08:26:00','2021-10-08 18:28:00','2021-09-07 00:28:10','2021-09-07 00:28:10'),
	(202,2,'2021-10-11','2021-10-11 08:29:00','2021-10-11 18:20:00','2021-09-07 00:28:10','2021-09-07 00:28:10'),
	(203,2,'2021-10-12','2021-10-12 08:51:00','2021-10-12 18:16:00','2021-09-07 00:28:10','2021-09-07 00:28:10'),
	(204,2,'2021-10-13','2021-10-13 08:27:00','2021-10-13 18:51:00','2021-09-07 00:28:10','2021-09-07 00:28:10'),
	(205,2,'2021-10-14','2021-10-14 08:39:00','2021-10-14 18:39:00','2021-09-07 00:28:10','2021-09-07 00:28:10'),
	(206,2,'2021-10-15','2021-10-15 08:57:00','2021-10-15 18:07:00','2021-09-07 00:28:10','2021-09-07 00:28:10'),
	(207,2,'2021-10-18','2021-10-18 08:53:00','2021-10-18 18:16:00','2021-09-07 00:28:10','2021-09-07 00:28:10'),
	(208,2,'2021-10-19','2021-10-19 08:16:00','2021-10-19 18:14:00','2021-09-07 00:28:10','2021-09-07 00:28:10'),
	(209,2,'2021-10-20','2021-10-20 08:19:00','2021-10-20 18:05:00','2021-09-07 00:28:10','2021-09-07 00:28:10'),
	(210,2,'2021-10-21','2021-10-21 08:31:00','2021-10-21 18:23:00','2021-09-07 00:28:10','2021-09-07 00:28:10'),
	(211,2,'2021-10-22','2021-10-22 08:37:00','2021-10-22 18:53:00','2021-09-07 00:28:10','2021-09-07 00:28:10'),
	(212,2,'2021-10-25','2021-10-25 08:59:00','2021-10-25 18:40:00','2021-09-07 00:28:10','2021-09-07 00:28:10'),
	(213,2,'2021-10-26','2021-10-26 08:31:00','2021-10-26 18:05:00','2021-09-07 00:28:10','2021-09-07 00:28:10'),
	(214,2,'2021-10-27','2021-10-27 08:57:00','2021-10-27 18:06:00','2021-09-07 00:28:10','2021-09-07 00:28:10'),
	(215,2,'2021-10-28','2021-10-28 08:54:00','2021-10-28 18:13:00','2021-09-07 00:28:10','2021-09-07 00:28:10'),
	(216,2,'2021-10-29','2021-10-29 08:27:00','2021-10-29 18:43:00','2021-09-07 00:28:10','2021-09-07 00:28:10'),
	(217,2,'2021-11-01','2021-11-01 08:27:00','2021-11-01 18:51:00','2021-09-07 00:28:10','2021-09-07 00:28:10'),
	(218,2,'2021-11-02','2021-11-02 08:12:00','2021-11-02 18:42:00','2021-09-07 00:28:10','2021-09-07 00:28:10'),
	(219,2,'2021-11-03','2021-11-03 08:55:00','2021-11-03 18:48:00','2021-09-07 00:28:10','2021-09-07 00:28:10'),
	(220,2,'2021-11-04','2021-11-04 08:11:00','2021-11-04 18:28:00','2021-09-07 00:28:10','2021-09-07 00:28:10'),
	(221,2,'2021-11-05','2021-11-05 08:48:00','2021-11-05 18:31:00','2021-09-07 00:28:10','2021-09-07 00:28:10'),
	(222,2,'2021-11-08','2021-11-08 08:22:00','2021-11-08 18:38:00','2021-09-07 00:28:10','2021-09-07 00:28:10'),
	(223,2,'2021-11-09','2021-11-09 08:48:00','2021-11-09 18:43:00','2021-09-07 00:28:10','2021-09-07 00:28:10'),
	(224,2,'2021-11-10','2021-11-10 08:46:00','2021-11-10 18:28:00','2021-09-07 00:28:10','2021-09-07 00:28:10'),
	(225,2,'2021-11-11','2021-11-11 08:38:00','2021-11-11 18:43:00','2021-09-07 00:28:10','2021-09-07 00:28:10'),
	(226,2,'2021-11-12','2021-11-12 08:37:00','2021-11-12 18:15:00','2021-09-07 00:28:10','2021-09-07 00:28:10'),
	(227,2,'2021-11-15','2021-11-15 08:41:00','2021-11-15 18:20:00','2021-09-07 00:28:10','2021-09-07 00:28:10'),
	(228,2,'2021-11-16','2021-11-16 08:36:00','2021-11-16 18:09:00','2021-09-07 00:28:10','2021-09-07 00:28:10'),
	(229,2,'2021-11-17','2021-11-17 08:13:00','2021-11-17 18:45:00','2021-09-07 00:28:10','2021-09-07 00:28:10'),
	(230,2,'2021-11-18','2021-11-18 08:29:00','2021-11-18 18:52:00','2021-09-07 00:28:10','2021-09-07 00:28:10'),
	(231,2,'2021-11-19','2021-11-19 08:38:00','2021-11-19 18:50:00','2021-09-07 00:28:10','2021-09-07 00:28:10'),
	(232,2,'2021-11-22','2021-11-22 08:06:00','2021-11-22 18:44:00','2021-09-07 00:28:10','2021-09-07 00:28:10'),
	(233,2,'2021-11-23','2021-11-23 08:06:00','2021-11-23 18:12:00','2021-09-07 00:28:10','2021-09-07 00:28:10'),
	(234,2,'2021-11-24','2021-11-24 08:30:00','2021-11-24 18:53:00','2021-09-07 00:28:10','2021-09-07 00:28:10'),
	(235,2,'2021-11-25','2021-11-25 08:55:00','2021-11-25 18:12:00','2021-09-07 00:28:10','2021-09-07 00:28:10'),
	(236,2,'2021-11-26','2021-11-26 08:36:00','2021-11-26 18:21:00','2021-09-07 00:28:10','2021-09-07 00:28:10'),
	(237,2,'2021-11-29','2021-11-29 08:52:00','2021-11-29 18:12:00','2021-09-07 00:28:10','2021-09-07 00:28:10'),
	(238,2,'2021-11-30','2021-11-30 08:42:00','2021-11-30 18:42:00','2021-09-07 00:28:10','2021-09-07 00:28:10'),
	(239,2,'2021-12-01','2021-12-01 08:39:00','2021-12-01 18:32:00','2021-09-07 00:28:10','2021-09-07 00:28:10'),
	(240,2,'2021-12-02','2021-12-02 08:11:00','2021-12-02 18:05:00','2021-09-07 00:28:10','2021-09-07 00:28:10'),
	(241,2,'2021-12-03','2021-12-03 08:46:00','2021-12-03 18:21:00','2021-09-07 00:28:10','2021-09-07 00:28:10'),
	(242,2,'2021-12-06','2021-12-06 08:05:00','2021-12-06 18:21:00','2021-09-07 00:28:10','2021-09-07 00:28:10'),
	(243,2,'2021-12-07','2021-12-07 08:21:00','2021-12-07 18:14:00','2021-09-07 00:28:10','2021-09-07 00:28:10'),
	(244,2,'2021-12-08','2021-12-08 08:12:00','2021-12-08 18:24:00','2021-09-07 00:28:10','2021-09-07 00:28:10'),
	(245,2,'2021-12-09','2021-12-09 08:48:00','2021-12-09 18:10:00','2021-09-07 00:28:10','2021-09-07 00:28:10'),
	(246,2,'2021-12-10','2021-12-10 08:52:00','2021-12-10 18:21:00','2021-09-07 00:28:10','2021-09-07 00:28:10'),
	(247,2,'2021-12-13','2021-12-13 08:43:00','2021-12-13 18:30:00','2021-09-07 00:28:10','2021-09-07 00:28:10'),
	(248,2,'2021-12-14','2021-12-14 08:11:00','2021-12-14 18:23:00','2021-09-07 00:28:10','2021-09-07 00:28:10'),
	(249,2,'2021-12-15','2021-12-15 08:24:00','2021-12-15 18:38:00','2021-09-07 00:28:10','2021-09-07 00:28:10'),
	(250,2,'2021-12-16','2021-12-16 08:26:00','2021-12-16 18:33:00','2021-09-07 00:28:10','2021-09-07 00:28:10'),
	(251,2,'2021-12-17','2021-12-17 08:46:00','2021-12-17 18:15:00','2021-09-07 00:28:10','2021-09-07 00:28:10'),
	(252,2,'2021-12-20','2021-12-20 08:33:00','2021-12-20 18:42:00','2021-09-07 00:28:10','2021-09-07 00:28:10'),
	(253,2,'2021-12-21','2021-12-21 08:22:00','2021-12-21 18:28:00','2021-09-07 00:28:10','2021-09-07 00:28:10'),
	(254,2,'2021-12-22','2021-12-22 08:44:00','2021-12-22 18:18:00','2021-09-07 00:28:10','2021-09-07 00:28:10'),
	(255,2,'2021-12-23','2021-12-23 08:59:00','2021-12-23 18:24:00','2021-09-07 00:28:10','2021-09-07 00:28:10'),
	(256,2,'2021-12-24','2021-12-24 08:56:00','2021-12-24 18:28:00','2021-09-07 00:28:10','2021-09-07 00:28:10'),
	(257,2,'2021-12-27','2021-12-27 08:36:00','2021-12-27 18:29:00','2021-09-07 00:28:10','2021-09-07 00:28:10'),
	(258,2,'2021-12-28','2021-12-28 08:11:00','2021-12-28 18:55:00','2021-09-07 00:28:10','2021-09-07 00:28:10'),
	(259,2,'2021-12-29','2021-12-29 08:58:00','2021-12-29 18:39:00','2021-09-07 00:28:10','2021-09-07 00:28:10'),
	(260,2,'2021-12-30','2021-12-30 08:40:00','2021-12-30 18:22:00','2021-09-07 00:28:10','2021-09-07 00:28:10'),
	(261,2,'2021-12-31','2021-12-31 08:29:00','2021-12-31 18:41:00','2021-09-07 00:28:10','2021-09-07 00:28:10'),
	(262,4,'2021-01-01','2021-01-01 08:10:00','2021-01-01 18:35:00','2021-09-07 00:28:10','2021-09-07 00:28:10'),
	(263,4,'2021-01-04','2021-01-04 08:46:00','2021-01-04 18:52:00','2021-09-07 00:28:10','2021-09-07 00:28:10'),
	(264,4,'2021-01-05','2021-01-05 08:25:00','2021-01-05 18:17:00','2021-09-07 00:28:10','2021-09-07 00:28:10'),
	(265,4,'2021-01-06','2021-01-06 08:43:00','2021-01-06 18:36:00','2021-09-07 00:28:10','2021-09-07 00:28:10'),
	(266,4,'2021-01-07','2021-01-07 08:37:00','2021-01-07 18:34:00','2021-09-07 00:28:10','2021-09-07 00:28:10'),
	(267,4,'2021-01-08','2021-01-08 08:47:00','2021-01-08 18:18:00','2021-09-07 00:28:10','2021-09-07 00:28:10'),
	(268,4,'2021-01-11','2021-01-11 08:05:00','2021-01-11 18:09:00','2021-09-07 00:28:10','2021-09-07 00:28:10'),
	(269,4,'2021-01-12','2021-01-12 08:23:00','2021-01-12 18:13:00','2021-09-07 00:28:10','2021-09-07 00:28:10'),
	(270,4,'2021-01-13','2021-01-13 08:18:00','2021-01-13 18:35:00','2021-09-07 00:28:10','2021-09-07 00:28:10'),
	(271,4,'2021-01-14','2021-01-14 08:12:00','2021-01-14 18:55:00','2021-09-07 00:28:10','2021-09-07 00:28:10'),
	(272,4,'2021-01-15','2021-01-15 08:40:00','2021-01-15 18:51:00','2021-09-07 00:28:10','2021-09-07 00:28:10'),
	(273,4,'2021-01-18','2021-01-18 08:21:00','2021-01-18 18:15:00','2021-09-07 00:28:10','2021-09-07 00:28:10'),
	(274,4,'2021-01-19','2021-01-19 08:40:00','2021-01-19 18:09:00','2021-09-07 00:28:10','2021-09-07 00:28:10'),
	(275,4,'2021-01-20','2021-01-20 08:58:00','2021-01-20 18:23:00','2021-09-07 00:28:10','2021-09-07 00:28:10'),
	(276,4,'2021-01-21','2021-01-21 08:35:00','2021-01-21 18:18:00','2021-09-07 00:28:10','2021-09-07 00:28:10'),
	(277,4,'2021-01-22','2021-01-22 08:20:00','2021-01-22 18:54:00','2021-09-07 00:28:10','2021-09-07 00:28:10'),
	(278,4,'2021-01-25','2021-01-25 08:17:00','2021-01-25 18:19:00','2021-09-07 00:28:10','2021-09-07 00:28:10'),
	(279,4,'2021-01-26','2021-01-26 08:38:00','2021-01-26 18:22:00','2021-09-07 00:28:10','2021-09-07 00:28:10'),
	(280,4,'2021-01-27','2021-01-27 08:25:00','2021-01-27 18:16:00','2021-09-07 00:28:10','2021-09-07 00:28:10'),
	(281,4,'2021-01-28','2021-01-28 08:11:00','2021-01-28 18:33:00','2021-09-07 00:28:10','2021-09-07 00:28:10'),
	(282,4,'2021-01-29','2021-01-29 08:19:00','2021-01-29 18:51:00','2021-09-07 00:28:10','2021-09-07 00:28:10'),
	(283,4,'2021-02-01','2021-02-01 08:50:00','2021-02-01 18:25:00','2021-09-07 00:28:10','2021-09-07 00:28:10'),
	(284,4,'2021-02-02','2021-02-02 08:11:00','2021-02-02 18:29:00','2021-09-07 00:28:10','2021-09-07 00:28:10'),
	(285,4,'2021-02-03','2021-02-03 08:20:00','2021-02-03 18:40:00','2021-09-07 00:28:10','2021-09-07 00:28:10'),
	(286,4,'2021-02-04','2021-02-04 08:49:00','2021-02-04 18:24:00','2021-09-07 00:28:10','2021-09-07 00:28:10'),
	(287,4,'2021-02-05','2021-02-05 08:49:00','2021-02-05 18:54:00','2021-09-07 00:28:10','2021-09-07 00:28:10'),
	(288,4,'2021-02-08','2021-02-08 08:49:00','2021-02-08 18:35:00','2021-09-07 00:28:10','2021-09-07 00:28:10'),
	(289,4,'2021-02-09','2021-02-09 08:49:00','2021-02-09 18:33:00','2021-09-07 00:28:10','2021-09-07 00:28:10'),
	(290,4,'2021-02-10','2021-02-10 08:11:00','2021-02-10 18:40:00','2021-09-07 00:28:10','2021-09-07 00:28:10'),
	(291,4,'2021-02-11','2021-02-11 08:47:00','2021-02-11 18:03:00','2021-09-07 00:28:10','2021-09-07 00:28:10'),
	(292,4,'2021-02-12','2021-02-12 08:35:00','2021-02-12 18:01:00','2021-09-07 00:28:10','2021-09-07 00:28:10'),
	(293,4,'2021-02-15','2021-02-15 08:18:00','2021-02-15 18:40:00','2021-09-07 00:28:10','2021-09-07 00:28:10'),
	(294,4,'2021-02-16','2021-02-16 08:17:00','2021-02-16 18:38:00','2021-09-07 00:28:10','2021-09-07 00:28:10'),
	(295,4,'2021-02-17','2021-02-17 08:47:00','2021-02-17 18:27:00','2021-09-07 00:28:10','2021-09-07 00:28:10'),
	(296,4,'2021-02-18','2021-02-18 08:40:00','2021-02-18 18:16:00','2021-09-07 00:28:10','2021-09-07 00:28:10'),
	(297,4,'2021-02-19','2021-02-19 08:28:00','2021-02-19 18:53:00','2021-09-07 00:28:10','2021-09-07 00:28:10'),
	(298,4,'2021-02-22','2021-02-22 08:08:00','2021-02-22 18:28:00','2021-09-07 00:28:10','2021-09-07 00:28:10'),
	(299,4,'2021-02-23','2021-02-23 08:52:00','2021-02-23 18:04:00','2021-09-07 00:28:10','2021-09-07 00:28:10'),
	(300,4,'2021-02-24','2021-02-24 08:43:00','2021-02-24 18:15:00','2021-09-07 00:28:10','2021-09-07 00:28:10'),
	(301,4,'2021-02-25','2021-02-25 08:10:00','2021-02-25 18:25:00','2021-09-07 00:28:10','2021-09-07 00:28:10'),
	(302,4,'2021-02-26','2021-02-26 08:44:00','2021-02-26 18:01:00','2021-09-07 00:28:10','2021-09-07 00:28:10'),
	(303,4,'2021-03-01','2021-03-01 08:18:00','2021-03-01 18:24:00','2021-09-07 00:28:10','2021-09-07 00:28:10'),
	(304,4,'2021-03-02','2021-03-02 08:53:00','2021-03-02 18:08:00','2021-09-07 00:28:10','2021-09-07 00:28:10'),
	(305,4,'2021-03-03','2021-03-03 08:38:00','2021-03-03 18:32:00','2021-09-07 00:28:10','2021-09-07 00:28:10'),
	(306,4,'2021-03-04','2021-03-04 08:24:00','2021-03-04 18:41:00','2021-09-07 00:28:10','2021-09-07 00:28:10'),
	(307,4,'2021-03-05','2021-03-05 08:07:00','2021-03-05 18:47:00','2021-09-07 00:28:10','2021-09-07 00:28:10'),
	(308,4,'2021-03-08','2021-03-08 08:48:00','2021-03-08 18:12:00','2021-09-07 00:28:10','2021-09-07 00:28:10'),
	(309,4,'2021-03-09','2021-03-09 08:34:00','2021-03-09 18:17:00','2021-09-07 00:28:10','2021-09-07 00:28:10'),
	(310,4,'2021-03-10','2021-03-10 08:22:00','2021-03-10 18:44:00','2021-09-07 00:28:10','2021-09-07 00:28:10'),
	(311,4,'2021-03-11','2021-03-11 08:28:00','2021-03-11 18:27:00','2021-09-07 00:28:10','2021-09-07 00:28:10'),
	(312,4,'2021-03-12','2021-03-12 08:52:00','2021-03-12 18:19:00','2021-09-07 00:28:10','2021-09-07 00:28:10'),
	(313,4,'2021-03-15','2021-03-15 08:53:00','2021-03-15 18:16:00','2021-09-07 00:28:10','2021-09-07 00:28:10'),
	(314,4,'2021-03-16','2021-03-16 08:57:00','2021-03-16 18:02:00','2021-09-07 00:28:10','2021-09-07 00:28:10'),
	(315,4,'2021-03-17','2021-03-17 08:49:00','2021-03-17 18:21:00','2021-09-07 00:28:10','2021-09-07 00:28:10'),
	(316,4,'2021-03-18','2021-03-18 08:57:00','2021-03-18 18:34:00','2021-09-07 00:28:10','2021-09-07 00:28:10'),
	(317,4,'2021-03-19','2021-03-19 08:40:00','2021-03-19 18:19:00','2021-09-07 00:28:10','2021-09-07 00:28:10'),
	(318,4,'2021-03-22','2021-03-22 08:54:00','2021-03-22 18:38:00','2021-09-07 00:28:10','2021-09-07 00:28:10'),
	(319,4,'2021-03-23','2021-03-23 08:06:00','2021-03-23 18:49:00','2021-09-07 00:28:10','2021-09-07 00:28:10'),
	(320,4,'2021-03-24','2021-03-24 08:22:00','2021-03-24 18:28:00','2021-09-07 00:28:10','2021-09-07 00:28:10'),
	(321,4,'2021-03-25','2021-03-25 08:31:00','2021-03-25 18:39:00','2021-09-07 00:28:10','2021-09-07 00:28:10'),
	(322,4,'2021-03-26','2021-03-26 08:21:00','2021-03-26 18:10:00','2021-09-07 00:28:10','2021-09-07 00:28:10'),
	(323,4,'2021-03-29','2021-03-29 08:11:00','2021-03-29 18:48:00','2021-09-07 00:28:10','2021-09-07 00:28:10'),
	(324,4,'2021-03-30','2021-03-30 08:10:00','2021-03-30 18:30:00','2021-09-07 00:28:10','2021-09-07 00:28:10'),
	(325,4,'2021-03-31','2021-03-31 08:08:00','2021-03-31 18:25:00','2021-09-07 00:28:10','2021-09-07 00:28:10'),
	(326,4,'2021-04-01','2021-04-01 08:41:00','2021-04-01 18:33:00','2021-09-07 00:28:10','2021-09-07 00:28:10'),
	(327,4,'2021-04-02','2021-04-02 08:34:00','2021-04-02 18:55:00','2021-09-07 00:28:10','2021-09-07 00:28:10'),
	(328,4,'2021-04-05','2021-04-05 08:53:00','2021-04-05 18:30:00','2021-09-07 00:28:10','2021-09-07 00:28:10'),
	(329,4,'2021-04-06','2021-04-06 08:57:00','2021-04-06 18:22:00','2021-09-07 00:28:10','2021-09-07 00:28:10'),
	(330,4,'2021-04-07','2021-04-07 08:17:00','2021-04-07 18:48:00','2021-09-07 00:28:10','2021-09-07 00:28:10'),
	(331,4,'2021-04-08','2021-04-08 08:47:00','2021-04-08 18:14:00','2021-09-07 00:28:10','2021-09-07 00:28:10'),
	(332,4,'2021-04-09','2021-04-09 08:39:00','2021-04-09 18:46:00','2021-09-07 00:28:10','2021-09-07 00:28:10'),
	(333,4,'2021-04-12','2021-04-12 08:54:00','2021-04-12 18:41:00','2021-09-07 00:28:10','2021-09-07 00:28:10'),
	(334,4,'2021-04-13','2021-04-13 08:32:00','2021-04-13 18:41:00','2021-09-07 00:28:10','2021-09-07 00:28:10'),
	(335,4,'2021-04-14','2021-04-14 08:50:00','2021-04-14 18:37:00','2021-09-07 00:28:10','2021-09-07 00:28:10'),
	(336,4,'2021-04-15','2021-04-15 08:28:00','2021-04-15 18:55:00','2021-09-07 00:28:10','2021-09-07 00:28:10'),
	(337,4,'2021-04-16','2021-04-16 08:12:00','2021-04-16 18:40:00','2021-09-07 00:28:10','2021-09-07 00:28:10'),
	(338,4,'2021-04-19','2021-04-19 08:39:00','2021-04-19 18:16:00','2021-09-07 00:28:10','2021-09-07 00:28:10'),
	(339,4,'2021-04-20','2021-04-20 08:24:00','2021-04-20 18:29:00','2021-09-07 00:28:10','2021-09-07 00:28:10'),
	(340,4,'2021-04-21','2021-04-21 08:12:00','2021-04-21 18:17:00','2021-09-07 00:28:10','2021-09-07 00:28:10'),
	(341,4,'2021-04-22','2021-04-22 08:09:00','2021-04-22 18:08:00','2021-09-07 00:28:10','2021-09-07 00:28:10'),
	(342,4,'2021-04-23','2021-04-23 08:31:00','2021-04-23 18:10:00','2021-09-07 00:28:10','2021-09-07 00:28:10'),
	(343,4,'2021-04-26','2021-04-26 08:06:00','2021-04-26 18:01:00','2021-09-07 00:28:10','2021-09-07 00:28:10'),
	(344,4,'2021-04-27','2021-04-27 08:32:00','2021-04-27 18:01:00','2021-09-07 00:28:10','2021-09-07 00:28:10'),
	(345,4,'2021-04-28','2021-04-28 08:22:00','2021-04-28 18:11:00','2021-09-07 00:28:10','2021-09-07 00:28:10'),
	(346,4,'2021-04-29','2021-04-29 08:56:00','2021-04-29 18:31:00','2021-09-07 00:28:10','2021-09-07 00:28:10'),
	(347,4,'2021-04-30','2021-04-30 08:15:00','2021-04-30 18:37:00','2021-09-07 00:28:10','2021-09-07 00:28:10'),
	(348,4,'2021-05-03','2021-05-03 08:05:00','2021-05-03 18:03:00','2021-09-07 00:28:10','2021-09-07 00:28:10'),
	(349,4,'2021-05-04','2021-05-04 08:37:00','2021-05-04 18:30:00','2021-09-07 00:28:10','2021-09-07 00:28:10'),
	(350,4,'2021-05-05','2021-05-05 08:10:00','2021-05-05 18:01:00','2021-09-07 00:28:10','2021-09-07 00:28:10'),
	(351,4,'2021-05-06','2021-05-06 08:42:00','2021-05-06 18:21:00','2021-09-07 00:28:10','2021-09-07 00:28:10'),
	(352,4,'2021-05-07','2021-05-07 08:48:00','2021-05-07 18:24:00','2021-09-07 00:28:10','2021-09-07 00:28:10'),
	(353,4,'2021-05-10','2021-05-10 08:52:00','2021-05-10 18:33:00','2021-09-07 00:28:10','2021-09-07 00:28:10'),
	(354,4,'2021-05-11','2021-05-11 08:26:00','2021-05-11 18:48:00','2021-09-07 00:28:10','2021-09-07 00:28:10'),
	(355,4,'2021-05-12','2021-05-12 08:15:00','2021-05-12 18:42:00','2021-09-07 00:28:10','2021-09-07 00:28:10'),
	(356,4,'2021-05-13','2021-05-13 08:47:00','2021-05-13 18:50:00','2021-09-07 00:28:10','2021-09-07 00:28:10'),
	(357,4,'2021-05-14','2021-05-14 08:33:00','2021-05-14 18:31:00','2021-09-07 00:28:10','2021-09-07 00:28:10'),
	(358,4,'2021-05-17','2021-05-17 08:57:00','2021-05-17 18:31:00','2021-09-07 00:28:10','2021-09-07 00:28:10'),
	(359,4,'2021-05-18','2021-05-18 08:20:00','2021-05-18 18:03:00','2021-09-07 00:28:10','2021-09-07 00:28:10'),
	(360,4,'2021-05-19','2021-05-19 08:28:00','2021-05-19 18:50:00','2021-09-07 00:28:10','2021-09-07 00:28:10'),
	(361,4,'2021-05-20','2021-05-20 08:54:00','2021-05-20 18:29:00','2021-09-07 00:28:10','2021-09-07 00:28:10'),
	(362,4,'2021-05-21','2021-05-21 08:54:00','2021-05-21 18:42:00','2021-09-07 00:28:10','2021-09-07 00:28:10'),
	(363,4,'2021-05-24','2021-05-24 08:43:00','2021-05-24 18:18:00','2021-09-07 00:28:10','2021-09-07 00:28:10'),
	(364,4,'2021-05-25','2021-05-25 08:43:00','2021-05-25 18:35:00','2021-09-07 00:28:10','2021-09-07 00:28:10'),
	(365,4,'2021-05-26','2021-05-26 08:28:00','2021-05-26 18:54:00','2021-09-07 00:28:10','2021-09-07 00:28:10'),
	(366,4,'2021-05-27','2021-05-27 08:24:00','2021-05-27 18:32:00','2021-09-07 00:28:10','2021-09-07 00:28:10'),
	(367,4,'2021-05-28','2021-05-28 08:36:00','2021-05-28 18:18:00','2021-09-07 00:28:10','2021-09-07 00:28:10'),
	(368,4,'2021-05-31','2021-05-31 08:10:00','2021-05-31 18:06:00','2021-09-07 00:28:10','2021-09-07 00:28:10'),
	(369,4,'2021-06-01','2021-06-01 08:48:00','2021-06-01 18:49:00','2021-09-07 00:28:10','2021-09-07 00:28:10'),
	(370,4,'2021-06-02','2021-06-02 08:09:00','2021-06-02 18:29:00','2021-09-07 00:28:10','2021-09-07 00:28:10'),
	(371,4,'2021-06-03','2021-06-03 08:28:00','2021-06-03 18:34:00','2021-09-07 00:28:10','2021-09-07 00:28:10'),
	(372,4,'2021-06-04','2021-06-04 08:32:00','2021-06-04 18:47:00','2021-09-07 00:28:10','2021-09-07 00:28:10'),
	(373,4,'2021-06-07','2021-06-07 08:46:00','2021-06-07 18:37:00','2021-09-07 00:28:10','2021-09-07 00:28:10'),
	(374,4,'2021-06-08','2021-06-08 08:36:00','2021-06-08 18:29:00','2021-09-07 00:28:10','2021-09-07 00:28:10'),
	(375,4,'2021-06-09','2021-06-09 08:51:00','2021-06-09 18:20:00','2021-09-07 00:28:10','2021-09-07 00:28:10'),
	(376,4,'2021-06-10','2021-06-10 08:33:00','2021-06-10 18:36:00','2021-09-07 00:28:10','2021-09-07 00:28:10'),
	(377,4,'2021-06-11','2021-06-11 08:14:00','2021-06-11 18:39:00','2021-09-07 00:28:10','2021-09-07 00:28:10'),
	(378,4,'2021-06-14','2021-06-14 08:49:00','2021-06-14 18:05:00','2021-09-07 00:28:10','2021-09-07 00:28:10'),
	(379,4,'2021-06-15','2021-06-15 08:55:00','2021-06-15 18:19:00','2021-09-07 00:28:10','2021-09-07 00:28:10'),
	(380,4,'2021-06-16','2021-06-16 08:30:00','2021-06-16 18:11:00','2021-09-07 00:28:10','2021-09-07 00:28:10'),
	(381,4,'2021-06-17','2021-06-17 08:47:00','2021-06-17 18:22:00','2021-09-07 00:28:10','2021-09-07 00:28:10'),
	(382,4,'2021-06-18','2021-06-18 08:46:00','2021-06-18 18:19:00','2021-09-07 00:28:10','2021-09-07 00:28:10'),
	(383,4,'2021-06-21','2021-06-21 08:17:00','2021-06-21 18:48:00','2021-09-07 00:28:10','2021-09-07 00:28:10'),
	(384,4,'2021-06-22','2021-06-22 08:11:00','2021-06-22 18:40:00','2021-09-07 00:28:10','2021-09-07 00:28:10'),
	(385,4,'2021-06-23','2021-06-23 08:24:00','2021-06-23 18:03:00','2021-09-07 00:28:10','2021-09-07 00:28:10'),
	(386,4,'2021-06-24','2021-06-24 08:06:00','2021-06-24 18:09:00','2021-09-07 00:28:10','2021-09-07 00:28:10'),
	(387,4,'2021-06-25','2021-06-25 08:41:00','2021-06-25 18:24:00','2021-09-07 00:28:10','2021-09-07 00:28:10'),
	(388,4,'2021-06-28','2021-06-28 08:23:00','2021-06-28 18:10:00','2021-09-07 00:28:10','2021-09-07 00:28:10'),
	(389,4,'2021-06-29','2021-06-29 08:45:00','2021-06-29 18:29:00','2021-09-07 00:28:10','2021-09-07 00:28:10'),
	(390,4,'2021-06-30','2021-06-30 08:49:00','2021-06-30 18:19:00','2021-09-07 00:28:10','2021-09-07 00:28:10'),
	(391,4,'2021-07-01','2021-07-01 08:22:00','2021-07-01 18:22:00','2021-09-07 00:28:10','2021-09-07 00:28:10'),
	(392,4,'2021-07-02','2021-07-02 08:19:00','2021-07-02 18:01:00','2021-09-07 00:28:10','2021-09-07 00:28:10'),
	(393,4,'2021-07-05','2021-07-05 08:18:00','2021-07-05 18:10:00','2021-09-07 00:28:10','2021-09-07 00:28:10'),
	(394,4,'2021-07-06','2021-07-06 08:35:00','2021-07-06 18:23:00','2021-09-07 00:28:10','2021-09-07 00:28:10'),
	(395,4,'2021-07-07','2021-07-07 08:11:00','2021-07-07 18:41:00','2021-09-07 00:28:10','2021-09-07 00:28:10'),
	(396,4,'2021-07-08','2021-07-08 08:10:00','2021-07-08 18:09:00','2021-09-07 00:28:10','2021-09-07 00:28:10'),
	(397,4,'2021-07-09','2021-07-09 08:05:00','2021-07-09 18:44:00','2021-09-07 00:28:10','2021-09-07 00:28:10'),
	(398,4,'2021-07-12','2021-07-12 08:36:00','2021-07-12 18:39:00','2021-09-07 00:28:10','2021-09-07 00:28:10'),
	(399,4,'2021-07-13','2021-07-13 08:52:00','2021-07-13 18:41:00','2021-09-07 00:28:10','2021-09-07 00:28:10'),
	(400,4,'2021-07-14','2021-07-14 08:43:00','2021-07-14 18:17:00','2021-09-07 00:28:10','2021-09-07 00:28:10'),
	(401,4,'2021-07-15','2021-07-15 08:22:00','2021-07-15 18:52:00','2021-09-07 00:28:10','2021-09-07 00:28:10'),
	(402,4,'2021-07-16','2021-07-16 08:50:00','2021-07-16 18:29:00','2021-09-07 00:28:10','2021-09-07 00:28:10'),
	(403,4,'2021-07-19','2021-07-19 08:29:00','2021-07-19 18:48:00','2021-09-07 00:28:10','2021-09-07 00:28:10'),
	(404,4,'2021-07-20','2021-07-20 08:39:00','2021-07-20 18:39:00','2021-09-07 00:28:10','2021-09-07 00:28:10'),
	(405,4,'2021-07-21','2021-07-21 08:29:00','2021-07-21 18:21:00','2021-09-07 00:28:10','2021-09-07 00:28:10'),
	(406,4,'2021-07-22','2021-07-22 08:26:00','2021-07-22 18:19:00','2021-09-07 00:28:10','2021-09-07 00:28:10'),
	(407,4,'2021-07-23','2021-07-23 08:49:00','2021-07-23 18:22:00','2021-09-07 00:28:10','2021-09-07 00:28:10'),
	(408,4,'2021-07-26','2021-07-26 08:30:00','2021-07-26 18:03:00','2021-09-07 00:28:10','2021-09-07 00:28:10'),
	(409,4,'2021-07-27','2021-07-27 08:26:00','2021-07-27 18:24:00','2021-09-07 00:28:10','2021-09-07 00:28:10'),
	(410,4,'2021-07-28','2021-07-28 08:10:00','2021-07-28 18:37:00','2021-09-07 00:28:10','2021-09-07 00:28:10'),
	(411,4,'2021-07-29','2021-07-29 08:20:00','2021-07-29 18:30:00','2021-09-07 00:28:10','2021-09-07 00:28:10'),
	(412,4,'2021-07-30','2021-07-30 08:12:00','2021-07-30 18:11:00','2021-09-07 00:28:10','2021-09-07 00:28:10'),
	(413,4,'2021-08-02','2021-08-02 08:27:00','2021-08-02 18:11:00','2021-09-07 00:28:10','2021-09-07 00:28:10'),
	(414,4,'2021-08-03','2021-08-03 08:07:00','2021-08-03 18:29:00','2021-09-07 00:28:10','2021-09-07 00:28:10'),
	(415,4,'2021-08-04','2021-08-04 08:48:00','2021-08-04 18:24:00','2021-09-07 00:28:10','2021-09-07 00:28:10'),
	(416,4,'2021-08-05','2021-08-05 08:28:00','2021-08-05 18:33:00','2021-09-07 00:28:10','2021-09-07 00:28:10'),
	(417,4,'2021-08-06','2021-08-06 08:11:00','2021-08-06 18:38:00','2021-09-07 00:28:10','2021-09-07 00:28:10'),
	(418,4,'2021-08-09','2021-08-09 08:14:00','2021-08-09 18:49:00','2021-09-07 00:28:10','2021-09-07 00:28:10'),
	(419,4,'2021-08-10','2021-08-10 08:58:00','2021-08-10 18:46:00','2021-09-07 00:28:10','2021-09-07 00:28:10'),
	(420,4,'2021-08-11','2021-08-11 08:26:00','2021-08-11 18:42:00','2021-09-07 00:28:11','2021-09-07 00:28:11'),
	(421,4,'2021-08-12','2021-08-12 08:27:00','2021-08-12 18:06:00','2021-09-07 00:28:11','2021-09-07 00:28:11'),
	(422,4,'2021-08-13','2021-08-13 08:40:00','2021-08-13 18:55:00','2021-09-07 00:28:11','2021-09-07 00:28:11'),
	(423,4,'2021-08-16','2021-08-16 08:14:00','2021-08-16 18:53:00','2021-09-07 00:28:11','2021-09-07 00:28:11'),
	(424,4,'2021-08-17','2021-08-17 08:39:00','2021-08-17 18:25:00','2021-09-07 00:28:11','2021-09-07 00:28:11'),
	(425,4,'2021-08-18','2021-08-18 08:32:00','2021-08-18 18:43:00','2021-09-07 00:28:11','2021-09-07 00:28:11'),
	(426,4,'2021-08-19','2021-08-19 08:53:00','2021-08-19 18:24:00','2021-09-07 00:28:11','2021-09-07 00:28:11'),
	(427,4,'2021-08-20','2021-08-20 08:31:00','2021-08-20 18:11:00','2021-09-07 00:28:11','2021-09-07 00:28:11'),
	(428,4,'2021-08-23','2021-08-23 08:49:00','2021-08-23 18:46:00','2021-09-07 00:28:11','2021-09-07 00:28:11'),
	(429,4,'2021-08-24','2021-08-24 08:44:00','2021-08-24 18:37:00','2021-09-07 00:28:11','2021-09-07 00:28:11'),
	(430,4,'2021-08-25','2021-08-25 08:26:00','2021-08-25 18:50:00','2021-09-07 00:28:11','2021-09-07 00:28:11'),
	(431,4,'2021-08-26','2021-08-26 08:23:00','2021-08-26 18:25:00','2021-09-07 00:28:11','2021-09-07 00:28:11'),
	(432,4,'2021-08-27','2021-08-27 08:33:00','2021-08-27 18:43:00','2021-09-07 00:28:11','2021-09-07 00:28:11'),
	(433,4,'2021-08-30','2021-08-30 08:27:00','2021-08-30 18:47:00','2021-09-07 00:28:11','2021-09-07 00:28:11'),
	(434,4,'2021-08-31','2021-08-31 08:35:00','2021-08-31 18:33:00','2021-09-07 00:28:11','2021-09-07 00:28:11'),
	(435,4,'2021-09-01','2021-09-01 08:08:00','2021-09-01 18:52:00','2021-09-07 00:28:11','2021-09-07 00:28:11'),
	(436,4,'2021-09-02','2021-09-02 08:20:00','2021-09-02 18:24:00','2021-09-07 00:28:11','2021-09-07 00:28:11'),
	(437,4,'2021-09-03','2021-09-03 08:45:00','2021-09-03 18:04:00','2021-09-07 00:28:11','2021-09-07 00:28:11'),
	(438,4,'2021-09-06','2021-09-06 08:25:00','2021-09-06 18:18:00','2021-09-07 00:28:11','2021-09-07 00:28:11'),
	(439,4,'2021-09-07','2021-09-07 08:49:00','2021-09-07 18:40:00','2021-09-07 00:28:11','2021-09-07 00:28:11'),
	(440,4,'2021-09-08','2021-09-08 08:49:00','2021-09-08 18:18:00','2021-09-07 00:28:11','2021-09-07 00:28:11'),
	(441,4,'2021-09-09','2021-09-09 08:54:00','2021-09-09 18:36:00','2021-09-07 00:28:11','2021-09-07 00:28:11'),
	(442,4,'2021-09-10','2021-09-10 08:06:00','2021-09-10 18:31:00','2021-09-07 00:28:11','2021-09-07 00:28:11'),
	(443,4,'2021-09-13','2021-09-13 08:52:00','2021-09-13 18:11:00','2021-09-07 00:28:11','2021-09-07 00:28:11'),
	(444,4,'2021-09-14','2021-09-14 08:19:00','2021-09-14 18:42:00','2021-09-07 00:28:11','2021-09-07 00:28:11'),
	(445,4,'2021-09-15','2021-09-15 08:19:00','2021-09-15 18:26:00','2021-09-07 00:28:11','2021-09-07 00:28:11'),
	(446,4,'2021-09-16','2021-09-16 08:07:00','2021-09-16 18:44:00','2021-09-07 00:28:11','2021-09-07 00:28:11'),
	(447,4,'2021-09-17','2021-09-17 08:34:00','2021-09-17 18:23:00','2021-09-07 00:28:11','2021-09-07 00:28:11'),
	(448,4,'2021-09-20','2021-09-20 08:20:00','2021-09-20 18:09:00','2021-09-07 00:28:11','2021-09-07 00:28:11'),
	(449,4,'2021-09-21','2021-09-21 08:32:00','2021-09-21 18:51:00','2021-09-07 00:28:11','2021-09-07 00:28:11'),
	(450,4,'2021-09-22','2021-09-22 08:20:00','2021-09-22 18:14:00','2021-09-07 00:28:11','2021-09-07 00:28:11'),
	(451,4,'2021-09-23','2021-09-23 08:42:00','2021-09-23 18:14:00','2021-09-07 00:28:11','2021-09-07 00:28:11'),
	(452,4,'2021-09-24','2021-09-24 08:37:00','2021-09-24 18:35:00','2021-09-07 00:28:11','2021-09-07 00:28:11'),
	(453,4,'2021-09-27','2021-09-27 08:25:00','2021-09-27 18:09:00','2021-09-07 00:28:11','2021-09-07 00:28:11'),
	(454,4,'2021-09-28','2021-09-28 08:53:00','2021-09-28 18:27:00','2021-09-07 00:28:11','2021-09-07 00:28:11'),
	(455,4,'2021-09-29','2021-09-29 08:30:00','2021-09-29 18:24:00','2021-09-07 00:28:11','2021-09-07 00:28:11'),
	(456,4,'2021-09-30','2021-09-30 08:50:00','2021-09-30 18:17:00','2021-09-07 00:28:11','2021-09-07 00:28:11'),
	(457,4,'2021-10-01','2021-10-01 08:40:00','2021-10-01 18:11:00','2021-09-07 00:28:11','2021-09-07 00:28:11'),
	(458,4,'2021-10-04','2021-10-04 08:19:00','2021-10-04 18:09:00','2021-09-07 00:28:11','2021-09-07 00:28:11'),
	(459,4,'2021-10-05','2021-10-05 08:15:00','2021-10-05 18:25:00','2021-09-07 00:28:11','2021-09-07 00:28:11'),
	(460,4,'2021-10-06','2021-10-06 08:33:00','2021-10-06 18:33:00','2021-09-07 00:28:11','2021-09-07 00:28:11'),
	(461,4,'2021-10-07','2021-10-07 08:43:00','2021-10-07 18:18:00','2021-09-07 00:28:11','2021-09-07 00:28:11'),
	(462,4,'2021-10-08','2021-10-08 08:47:00','2021-10-08 18:53:00','2021-09-07 00:28:11','2021-09-07 00:28:11'),
	(463,4,'2021-10-11','2021-10-11 08:20:00','2021-10-11 18:26:00','2021-09-07 00:28:11','2021-09-07 00:28:11'),
	(464,4,'2021-10-12','2021-10-12 08:59:00','2021-10-12 18:14:00','2021-09-07 00:28:11','2021-09-07 00:28:11'),
	(465,4,'2021-10-13','2021-10-13 08:08:00','2021-10-13 18:06:00','2021-09-07 00:28:11','2021-09-07 00:28:11'),
	(466,4,'2021-10-14','2021-10-14 08:32:00','2021-10-14 18:43:00','2021-09-07 00:28:11','2021-09-07 00:28:11'),
	(467,4,'2021-10-15','2021-10-15 08:33:00','2021-10-15 18:39:00','2021-09-07 00:28:11','2021-09-07 00:28:11'),
	(468,4,'2021-10-18','2021-10-18 08:20:00','2021-10-18 18:28:00','2021-09-07 00:28:11','2021-09-07 00:28:11'),
	(469,4,'2021-10-19','2021-10-19 08:25:00','2021-10-19 18:19:00','2021-09-07 00:28:11','2021-09-07 00:28:11'),
	(470,4,'2021-10-20','2021-10-20 08:42:00','2021-10-20 18:43:00','2021-09-07 00:28:11','2021-09-07 00:28:11'),
	(471,4,'2021-10-21','2021-10-21 08:45:00','2021-10-21 18:49:00','2021-09-07 00:28:11','2021-09-07 00:28:11'),
	(472,4,'2021-10-22','2021-10-22 08:26:00','2021-10-22 18:11:00','2021-09-07 00:28:11','2021-09-07 00:28:11'),
	(473,4,'2021-10-25','2021-10-25 08:52:00','2021-10-25 18:54:00','2021-09-07 00:28:11','2021-09-07 00:28:11'),
	(474,4,'2021-10-26','2021-10-26 08:46:00','2021-10-26 18:40:00','2021-09-07 00:28:11','2021-09-07 00:28:11'),
	(475,4,'2021-10-27','2021-10-27 08:14:00','2021-10-27 18:48:00','2021-09-07 00:28:11','2021-09-07 00:28:11'),
	(476,4,'2021-10-28','2021-10-28 08:07:00','2021-10-28 18:01:00','2021-09-07 00:28:11','2021-09-07 00:28:11'),
	(477,4,'2021-10-29','2021-10-29 08:47:00','2021-10-29 18:25:00','2021-09-07 00:28:11','2021-09-07 00:28:11'),
	(478,4,'2021-11-01','2021-11-01 08:06:00','2021-11-01 18:01:00','2021-09-07 00:28:11','2021-09-07 00:28:11'),
	(479,4,'2021-11-02','2021-11-02 08:54:00','2021-11-02 18:19:00','2021-09-07 00:28:11','2021-09-07 00:28:11'),
	(480,4,'2021-11-03','2021-11-03 08:44:00','2021-11-03 18:38:00','2021-09-07 00:28:11','2021-09-07 00:28:11'),
	(481,4,'2021-11-04','2021-11-04 08:14:00','2021-11-04 18:50:00','2021-09-07 00:28:11','2021-09-07 00:28:11'),
	(482,4,'2021-11-05','2021-11-05 08:07:00','2021-11-05 18:23:00','2021-09-07 00:28:11','2021-09-07 00:28:11'),
	(483,4,'2021-11-08','2021-11-08 08:25:00','2021-11-08 18:52:00','2021-09-07 00:28:11','2021-09-07 00:28:11'),
	(484,4,'2021-11-09','2021-11-09 08:06:00','2021-11-09 18:28:00','2021-09-07 00:28:11','2021-09-07 00:28:11'),
	(485,4,'2021-11-10','2021-11-10 08:32:00','2021-11-10 18:02:00','2021-09-07 00:28:11','2021-09-07 00:28:11'),
	(486,4,'2021-11-11','2021-11-11 08:31:00','2021-11-11 18:31:00','2021-09-07 00:28:11','2021-09-07 00:28:11'),
	(487,4,'2021-11-12','2021-11-12 08:53:00','2021-11-12 18:14:00','2021-09-07 00:28:11','2021-09-07 00:28:11'),
	(488,4,'2021-11-15','2021-11-15 08:18:00','2021-11-15 18:06:00','2021-09-07 00:28:11','2021-09-07 00:28:11'),
	(489,4,'2021-11-16','2021-11-16 08:21:00','2021-11-16 18:34:00','2021-09-07 00:28:11','2021-09-07 00:28:11'),
	(490,4,'2021-11-17','2021-11-17 08:50:00','2021-11-17 18:42:00','2021-09-07 00:28:11','2021-09-07 00:28:11'),
	(491,4,'2021-11-18','2021-11-18 08:35:00','2021-11-18 18:31:00','2021-09-07 00:28:11','2021-09-07 00:28:11'),
	(492,4,'2021-11-19','2021-11-19 08:26:00','2021-11-19 18:10:00','2021-09-07 00:28:11','2021-09-07 00:28:11'),
	(493,4,'2021-11-22','2021-11-22 08:55:00','2021-11-22 18:30:00','2021-09-07 00:28:11','2021-09-07 00:28:11'),
	(494,4,'2021-11-23','2021-11-23 08:19:00','2021-11-23 18:46:00','2021-09-07 00:28:11','2021-09-07 00:28:11'),
	(495,4,'2021-11-24','2021-11-24 08:10:00','2021-11-24 18:33:00','2021-09-07 00:28:11','2021-09-07 00:28:11'),
	(496,4,'2021-11-25','2021-11-25 08:38:00','2021-11-25 18:15:00','2021-09-07 00:28:11','2021-09-07 00:28:11'),
	(497,4,'2021-11-26','2021-11-26 08:14:00','2021-11-26 18:47:00','2021-09-07 00:28:11','2021-09-07 00:28:11'),
	(498,4,'2021-11-29','2021-11-29 08:37:00','2021-11-29 18:27:00','2021-09-07 00:28:11','2021-09-07 00:28:11'),
	(499,4,'2021-11-30','2021-11-30 08:08:00','2021-11-30 18:38:00','2021-09-07 00:28:11','2021-09-07 00:28:11'),
	(500,4,'2021-12-01','2021-12-01 08:51:00','2021-12-01 18:03:00','2021-09-07 00:28:11','2021-09-07 00:28:11'),
	(501,4,'2021-12-02','2021-12-02 08:51:00','2021-12-02 18:13:00','2021-09-07 00:28:11','2021-09-07 00:28:11'),
	(502,4,'2021-12-03','2021-12-03 08:51:00','2021-12-03 18:37:00','2021-09-07 00:28:11','2021-09-07 00:28:11'),
	(503,4,'2021-12-06','2021-12-06 08:41:00','2021-12-06 18:37:00','2021-09-07 00:28:11','2021-09-07 00:28:11'),
	(504,4,'2021-12-07','2021-12-07 08:38:00','2021-12-07 18:17:00','2021-09-07 00:28:11','2021-09-07 00:28:11'),
	(505,4,'2021-12-08','2021-12-08 08:45:00','2021-12-08 18:07:00','2021-09-07 00:28:11','2021-09-07 00:28:11'),
	(506,4,'2021-12-09','2021-12-09 08:44:00','2021-12-09 18:29:00','2021-09-07 00:28:11','2021-09-07 00:28:11'),
	(507,4,'2021-12-10','2021-12-10 08:58:00','2021-12-10 18:38:00','2021-09-07 00:28:11','2021-09-07 00:28:11'),
	(508,4,'2021-12-13','2021-12-13 08:56:00','2021-12-13 18:28:00','2021-09-07 00:28:11','2021-09-07 00:28:11'),
	(509,4,'2021-12-14','2021-12-14 08:31:00','2021-12-14 18:25:00','2021-09-07 00:28:11','2021-09-07 00:28:11'),
	(510,4,'2021-12-15','2021-12-15 08:27:00','2021-12-15 18:07:00','2021-09-07 00:28:11','2021-09-07 00:28:11'),
	(511,4,'2021-12-16','2021-12-16 08:57:00','2021-12-16 18:26:00','2021-09-07 00:28:11','2021-09-07 00:28:11'),
	(512,4,'2021-12-17','2021-12-17 08:56:00','2021-12-17 18:25:00','2021-09-07 00:28:11','2021-09-07 00:28:11'),
	(513,4,'2021-12-20','2021-12-20 08:18:00','2021-12-20 18:55:00','2021-09-07 00:28:11','2021-09-07 00:28:11'),
	(514,4,'2021-12-21','2021-12-21 08:38:00','2021-12-21 18:38:00','2021-09-07 00:28:11','2021-09-07 00:28:11'),
	(515,4,'2021-12-22','2021-12-22 08:35:00','2021-12-22 18:22:00','2021-09-07 00:28:11','2021-09-07 00:28:11'),
	(516,4,'2021-12-23','2021-12-23 08:13:00','2021-12-23 18:41:00','2021-09-07 00:28:11','2021-09-07 00:28:11'),
	(517,4,'2021-12-24','2021-12-24 08:34:00','2021-12-24 18:50:00','2021-09-07 00:28:11','2021-09-07 00:28:11'),
	(518,4,'2021-12-27','2021-12-27 08:21:00','2021-12-27 18:44:00','2021-09-07 00:28:11','2021-09-07 00:28:11'),
	(519,4,'2021-12-28','2021-12-28 08:22:00','2021-12-28 18:23:00','2021-09-07 00:28:11','2021-09-07 00:28:11'),
	(520,4,'2021-12-29','2021-12-29 08:41:00','2021-12-29 18:02:00','2021-09-07 00:28:11','2021-09-07 00:28:11'),
	(521,4,'2021-12-30','2021-12-30 08:46:00','2021-12-30 18:14:00','2021-09-07 00:28:11','2021-09-07 00:28:11'),
	(522,4,'2021-12-31','2021-12-31 08:30:00','2021-12-31 18:39:00','2021-09-07 00:28:11','2021-09-07 00:28:11'),
	(523,5,'2021-01-01','2021-01-01 08:05:00','2021-01-01 18:16:00','2021-09-07 00:28:11','2021-09-07 00:28:11'),
	(524,5,'2021-01-04','2021-01-04 08:40:00','2021-01-04 18:50:00','2021-09-07 00:28:11','2021-09-07 00:28:11'),
	(525,5,'2021-01-05','2021-01-05 08:10:00','2021-01-05 18:15:00','2021-09-07 00:28:11','2021-09-07 00:28:11'),
	(526,5,'2021-01-06','2021-01-06 08:50:00','2021-01-06 18:46:00','2021-09-07 00:28:11','2021-09-07 00:28:11'),
	(527,5,'2021-01-07','2021-01-07 08:39:00','2021-01-07 18:44:00','2021-09-07 00:28:11','2021-09-07 00:28:11'),
	(528,5,'2021-01-08','2021-01-08 08:31:00','2021-01-08 18:06:00','2021-09-07 00:28:11','2021-09-07 00:28:11'),
	(529,5,'2021-01-11','2021-01-11 08:33:00','2021-01-11 18:27:00','2021-09-07 00:28:11','2021-09-07 00:28:11'),
	(530,5,'2021-01-12','2021-01-12 08:08:00','2021-01-12 18:51:00','2021-09-07 00:28:11','2021-09-07 00:28:11'),
	(531,5,'2021-01-13','2021-01-13 08:12:00','2021-01-13 18:15:00','2021-09-07 00:28:11','2021-09-07 00:28:11'),
	(532,5,'2021-01-14','2021-01-14 08:12:00','2021-01-14 18:35:00','2021-09-07 00:28:11','2021-09-07 00:28:11'),
	(533,5,'2021-01-15','2021-01-15 08:27:00','2021-01-15 18:27:00','2021-09-07 00:28:11','2021-09-07 00:28:11'),
	(534,5,'2021-01-18','2021-01-18 08:50:00','2021-01-18 18:41:00','2021-09-07 00:28:11','2021-09-07 00:28:11'),
	(535,5,'2021-01-19','2021-01-19 08:47:00','2021-01-19 18:48:00','2021-09-07 00:28:11','2021-09-07 00:28:11'),
	(536,5,'2021-01-20','2021-01-20 08:48:00','2021-01-20 18:47:00','2021-09-07 00:28:11','2021-09-07 00:28:11'),
	(537,5,'2021-01-21','2021-01-21 08:59:00','2021-01-21 18:44:00','2021-09-07 00:28:11','2021-09-07 00:28:11'),
	(538,5,'2021-01-22','2021-01-22 08:41:00','2021-01-22 18:41:00','2021-09-07 00:28:11','2021-09-07 00:28:11'),
	(539,5,'2021-01-25','2021-01-25 08:47:00','2021-01-25 18:04:00','2021-09-07 00:28:11','2021-09-07 00:28:11'),
	(540,5,'2021-01-26','2021-01-26 08:56:00','2021-01-26 18:20:00','2021-09-07 00:28:11','2021-09-07 00:28:11'),
	(541,5,'2021-01-27','2021-01-27 08:56:00','2021-01-27 18:41:00','2021-09-07 00:28:11','2021-09-07 00:28:11'),
	(542,5,'2021-01-28','2021-01-28 08:58:00','2021-01-28 18:43:00','2021-09-07 00:28:11','2021-09-07 00:28:11'),
	(543,5,'2021-01-29','2021-01-29 08:20:00','2021-01-29 18:05:00','2021-09-07 00:28:11','2021-09-07 00:28:11'),
	(544,5,'2021-02-01','2021-02-01 08:23:00','2021-02-01 18:30:00','2021-09-07 00:28:11','2021-09-07 00:28:11'),
	(545,5,'2021-02-02','2021-02-02 08:45:00','2021-02-02 18:06:00','2021-09-07 00:28:11','2021-09-07 00:28:11'),
	(546,5,'2021-02-03','2021-02-03 08:25:00','2021-02-03 18:10:00','2021-09-07 00:28:11','2021-09-07 00:28:11'),
	(547,5,'2021-02-04','2021-02-04 08:09:00','2021-02-04 18:04:00','2021-09-07 00:28:11','2021-09-07 00:28:11'),
	(548,5,'2021-02-05','2021-02-05 08:41:00','2021-02-05 18:47:00','2021-09-07 00:28:11','2021-09-07 00:28:11'),
	(549,5,'2021-02-08','2021-02-08 08:36:00','2021-02-08 18:29:00','2021-09-07 00:28:11','2021-09-07 00:28:11'),
	(550,5,'2021-02-09','2021-02-09 08:49:00','2021-02-09 18:22:00','2021-09-07 00:28:11','2021-09-07 00:28:11'),
	(551,5,'2021-02-10','2021-02-10 08:06:00','2021-02-10 18:22:00','2021-09-07 00:28:11','2021-09-07 00:28:11'),
	(552,5,'2021-02-11','2021-02-11 08:28:00','2021-02-11 18:29:00','2021-09-07 00:28:11','2021-09-07 00:28:11'),
	(553,5,'2021-02-12','2021-02-12 08:13:00','2021-02-12 18:51:00','2021-09-07 00:28:11','2021-09-07 00:28:11'),
	(554,5,'2021-02-15','2021-02-15 08:15:00','2021-02-15 18:30:00','2021-09-07 00:28:11','2021-09-07 00:28:11'),
	(555,5,'2021-02-16','2021-02-16 08:49:00','2021-02-16 18:52:00','2021-09-07 00:28:11','2021-09-07 00:28:11'),
	(556,5,'2021-02-17','2021-02-17 08:14:00','2021-02-17 18:02:00','2021-09-07 00:28:11','2021-09-07 00:28:11'),
	(557,5,'2021-02-18','2021-02-18 08:23:00','2021-02-18 18:11:00','2021-09-07 00:28:11','2021-09-07 00:28:11'),
	(558,5,'2021-02-19','2021-02-19 08:55:00','2021-02-19 18:55:00','2021-09-07 00:28:11','2021-09-07 00:28:11'),
	(559,5,'2021-02-22','2021-02-22 08:11:00','2021-02-22 18:45:00','2021-09-07 00:28:11','2021-09-07 00:28:11'),
	(560,5,'2021-02-23','2021-02-23 08:29:00','2021-02-23 18:30:00','2021-09-07 00:28:11','2021-09-07 00:28:11'),
	(561,5,'2021-02-24','2021-02-24 08:14:00','2021-02-24 18:31:00','2021-09-07 00:28:11','2021-09-07 00:28:11'),
	(562,5,'2021-02-25','2021-02-25 08:38:00','2021-02-25 18:43:00','2021-09-07 00:28:11','2021-09-07 00:28:11'),
	(563,5,'2021-02-26','2021-02-26 08:12:00','2021-02-26 18:05:00','2021-09-07 00:28:11','2021-09-07 00:28:11'),
	(564,5,'2021-03-01','2021-03-01 08:12:00','2021-03-01 18:36:00','2021-09-07 00:28:11','2021-09-07 00:28:11'),
	(565,5,'2021-03-02','2021-03-02 08:38:00','2021-03-02 18:04:00','2021-09-07 00:28:11','2021-09-07 00:28:11'),
	(566,5,'2021-03-03','2021-03-03 08:08:00','2021-03-03 18:42:00','2021-09-07 00:28:11','2021-09-07 00:28:11'),
	(567,5,'2021-03-04','2021-03-04 08:39:00','2021-03-04 18:19:00','2021-09-07 00:28:11','2021-09-07 00:28:11'),
	(568,5,'2021-03-05','2021-03-05 08:36:00','2021-03-05 18:38:00','2021-09-07 00:28:11','2021-09-07 00:28:11'),
	(569,5,'2021-03-08','2021-03-08 08:28:00','2021-03-08 18:05:00','2021-09-07 00:28:11','2021-09-07 00:28:11'),
	(570,5,'2021-03-09','2021-03-09 08:32:00','2021-03-09 18:25:00','2021-09-07 00:28:11','2021-09-07 00:28:11'),
	(571,5,'2021-03-10','2021-03-10 08:05:00','2021-03-10 18:41:00','2021-09-07 00:28:11','2021-09-07 00:28:11'),
	(572,5,'2021-03-11','2021-03-11 08:07:00','2021-03-11 18:37:00','2021-09-07 00:28:11','2021-09-07 00:28:11'),
	(573,5,'2021-03-12','2021-03-12 08:18:00','2021-03-12 18:28:00','2021-09-07 00:28:11','2021-09-07 00:28:11'),
	(574,5,'2021-03-15','2021-03-15 08:59:00','2021-03-15 18:48:00','2021-09-07 00:28:11','2021-09-07 00:28:11'),
	(575,5,'2021-03-16','2021-03-16 08:19:00','2021-03-16 18:08:00','2021-09-07 00:28:11','2021-09-07 00:28:11'),
	(576,5,'2021-03-17','2021-03-17 08:33:00','2021-03-17 18:25:00','2021-09-07 00:28:11','2021-09-07 00:28:11'),
	(577,5,'2021-03-18','2021-03-18 08:05:00','2021-03-18 18:41:00','2021-09-07 00:28:11','2021-09-07 00:28:11'),
	(578,5,'2021-03-19','2021-03-19 08:05:00','2021-03-19 18:12:00','2021-09-07 00:28:11','2021-09-07 00:28:11'),
	(579,5,'2021-03-22','2021-03-22 08:05:00','2021-03-22 18:12:00','2021-09-07 00:28:11','2021-09-07 00:28:11'),
	(580,5,'2021-03-23','2021-03-23 08:34:00','2021-03-23 18:22:00','2021-09-07 00:28:11','2021-09-07 00:28:11'),
	(581,5,'2021-03-24','2021-03-24 08:33:00','2021-03-24 18:27:00','2021-09-07 00:28:11','2021-09-07 00:28:11'),
	(582,5,'2021-03-25','2021-03-25 08:29:00','2021-03-25 18:33:00','2021-09-07 00:28:11','2021-09-07 00:28:11'),
	(583,5,'2021-03-26','2021-03-26 08:07:00','2021-03-26 18:40:00','2021-09-07 00:28:11','2021-09-07 00:28:11'),
	(584,5,'2021-03-29','2021-03-29 08:47:00','2021-03-29 18:42:00','2021-09-07 00:28:11','2021-09-07 00:28:11'),
	(585,5,'2021-03-30','2021-03-30 08:32:00','2021-03-30 18:49:00','2021-09-07 00:28:11','2021-09-07 00:28:11'),
	(586,5,'2021-03-31','2021-03-31 08:50:00','2021-03-31 18:13:00','2021-09-07 00:28:11','2021-09-07 00:28:11'),
	(587,5,'2021-04-01','2021-04-01 08:48:00','2021-04-01 18:39:00','2021-09-07 00:28:11','2021-09-07 00:28:11'),
	(588,5,'2021-04-02','2021-04-02 08:53:00','2021-04-02 18:13:00','2021-09-07 00:28:11','2021-09-07 00:28:11'),
	(589,5,'2021-04-05','2021-04-05 08:11:00','2021-04-05 18:35:00','2021-09-07 00:28:11','2021-09-07 00:28:11'),
	(590,5,'2021-04-06','2021-04-06 08:20:00','2021-04-06 18:46:00','2021-09-07 00:28:11','2021-09-07 00:28:11'),
	(591,5,'2021-04-07','2021-04-07 08:53:00','2021-04-07 18:24:00','2021-09-07 00:28:11','2021-09-07 00:28:11'),
	(592,5,'2021-04-08','2021-04-08 08:37:00','2021-04-08 18:22:00','2021-09-07 00:28:11','2021-09-07 00:28:11'),
	(593,5,'2021-04-09','2021-04-09 08:33:00','2021-04-09 18:40:00','2021-09-07 00:28:11','2021-09-07 00:28:11'),
	(594,5,'2021-04-12','2021-04-12 08:29:00','2021-04-12 18:02:00','2021-09-07 00:28:11','2021-09-07 00:28:11'),
	(595,5,'2021-04-13','2021-04-13 08:46:00','2021-04-13 18:48:00','2021-09-07 00:28:11','2021-09-07 00:28:11'),
	(596,5,'2021-04-14','2021-04-14 08:34:00','2021-04-14 18:10:00','2021-09-07 00:28:11','2021-09-07 00:28:11'),
	(597,5,'2021-04-15','2021-04-15 08:29:00','2021-04-15 18:05:00','2021-09-07 00:28:11','2021-09-07 00:28:11'),
	(598,5,'2021-04-16','2021-04-16 08:42:00','2021-04-16 18:39:00','2021-09-07 00:28:11','2021-09-07 00:28:11'),
	(599,5,'2021-04-19','2021-04-19 08:29:00','2021-04-19 18:26:00','2021-09-07 00:28:11','2021-09-07 00:28:11'),
	(600,5,'2021-04-20','2021-04-20 08:52:00','2021-04-20 18:42:00','2021-09-07 00:28:11','2021-09-07 00:28:11'),
	(601,5,'2021-04-21','2021-04-21 08:49:00','2021-04-21 18:07:00','2021-09-07 00:28:11','2021-09-07 00:28:11'),
	(602,5,'2021-04-22','2021-04-22 08:31:00','2021-04-22 18:42:00','2021-09-07 00:28:11','2021-09-07 00:28:11'),
	(603,5,'2021-04-23','2021-04-23 08:54:00','2021-04-23 18:31:00','2021-09-07 00:28:11','2021-09-07 00:28:11'),
	(604,5,'2021-04-26','2021-04-26 08:06:00','2021-04-26 18:06:00','2021-09-07 00:28:11','2021-09-07 00:28:11'),
	(605,5,'2021-04-27','2021-04-27 08:41:00','2021-04-27 18:22:00','2021-09-07 00:28:11','2021-09-07 00:28:11'),
	(606,5,'2021-04-28','2021-04-28 08:28:00','2021-04-28 18:41:00','2021-09-07 00:28:11','2021-09-07 00:28:11'),
	(607,5,'2021-04-29','2021-04-29 08:23:00','2021-04-29 18:30:00','2021-09-07 00:28:11','2021-09-07 00:28:11'),
	(608,5,'2021-04-30','2021-04-30 08:06:00','2021-04-30 18:24:00','2021-09-07 00:28:11','2021-09-07 00:28:11'),
	(609,5,'2021-05-03','2021-05-03 08:23:00','2021-05-03 18:43:00','2021-09-07 00:28:11','2021-09-07 00:28:11'),
	(610,5,'2021-05-04','2021-05-04 08:37:00','2021-05-04 18:05:00','2021-09-07 00:28:11','2021-09-07 00:28:11'),
	(611,5,'2021-05-05','2021-05-05 08:19:00','2021-05-05 18:08:00','2021-09-07 00:28:11','2021-09-07 00:28:11'),
	(612,5,'2021-05-06','2021-05-06 08:19:00','2021-05-06 18:50:00','2021-09-07 00:28:11','2021-09-07 00:28:11'),
	(613,5,'2021-05-07','2021-05-07 08:05:00','2021-05-07 18:02:00','2021-09-07 00:28:11','2021-09-07 00:28:11'),
	(614,5,'2021-05-10','2021-05-10 08:46:00','2021-05-10 18:50:00','2021-09-07 00:28:11','2021-09-07 00:28:11'),
	(615,5,'2021-05-11','2021-05-11 08:38:00','2021-05-11 18:01:00','2021-09-07 00:28:11','2021-09-07 00:28:11'),
	(616,5,'2021-05-12','2021-05-12 08:12:00','2021-05-12 18:38:00','2021-09-07 00:28:11','2021-09-07 00:28:11'),
	(617,5,'2021-05-13','2021-05-13 08:25:00','2021-05-13 18:22:00','2021-09-07 00:28:11','2021-09-07 00:28:11'),
	(618,5,'2021-05-14','2021-05-14 08:36:00','2021-05-14 18:34:00','2021-09-07 00:28:11','2021-09-07 00:28:11'),
	(619,5,'2021-05-17','2021-05-17 08:30:00','2021-05-17 18:17:00','2021-09-07 00:28:11','2021-09-07 00:28:11'),
	(620,5,'2021-05-18','2021-05-18 08:51:00','2021-05-18 18:40:00','2021-09-07 00:28:11','2021-09-07 00:28:11'),
	(621,5,'2021-05-19','2021-05-19 08:22:00','2021-05-19 18:46:00','2021-09-07 00:28:11','2021-09-07 00:28:11'),
	(622,5,'2021-05-20','2021-05-20 08:55:00','2021-05-20 18:46:00','2021-09-07 00:28:11','2021-09-07 00:28:11'),
	(623,5,'2021-05-21','2021-05-21 08:57:00','2021-05-21 18:48:00','2021-09-07 00:28:11','2021-09-07 00:28:11'),
	(624,5,'2021-05-24','2021-05-24 08:07:00','2021-05-24 18:30:00','2021-09-07 00:28:11','2021-09-07 00:28:11'),
	(625,5,'2021-05-25','2021-05-25 08:07:00','2021-05-25 18:17:00','2021-09-07 00:28:11','2021-09-07 00:28:11'),
	(626,5,'2021-05-26','2021-05-26 08:37:00','2021-05-26 18:51:00','2021-09-07 00:28:11','2021-09-07 00:28:11'),
	(627,5,'2021-05-27','2021-05-27 08:29:00','2021-05-27 18:23:00','2021-09-07 00:28:11','2021-09-07 00:28:11'),
	(628,5,'2021-05-28','2021-05-28 08:41:00','2021-05-28 18:47:00','2021-09-07 00:28:11','2021-09-07 00:28:11'),
	(629,5,'2021-05-31','2021-05-31 08:22:00','2021-05-31 18:21:00','2021-09-07 00:28:11','2021-09-07 00:28:11'),
	(630,5,'2021-06-01','2021-06-01 08:19:00','2021-06-01 18:31:00','2021-09-07 00:28:11','2021-09-07 00:28:11'),
	(631,5,'2021-06-02','2021-06-02 08:46:00','2021-06-02 18:34:00','2021-09-07 00:28:11','2021-09-07 00:28:11'),
	(632,5,'2021-06-03','2021-06-03 08:25:00','2021-06-03 18:40:00','2021-09-07 00:28:11','2021-09-07 00:28:11'),
	(633,5,'2021-06-04','2021-06-04 08:35:00','2021-06-04 18:35:00','2021-09-07 00:28:11','2021-09-07 00:28:11'),
	(634,5,'2021-06-07','2021-06-07 08:31:00','2021-06-07 18:31:00','2021-09-07 00:28:11','2021-09-07 00:28:11'),
	(635,5,'2021-06-08','2021-06-08 08:35:00','2021-06-08 18:20:00','2021-09-07 00:28:11','2021-09-07 00:28:11'),
	(636,5,'2021-06-09','2021-06-09 08:59:00','2021-06-09 18:48:00','2021-09-07 00:28:11','2021-09-07 00:28:11'),
	(637,5,'2021-06-10','2021-06-10 08:09:00','2021-06-10 18:40:00','2021-09-07 00:28:11','2021-09-07 00:28:11'),
	(638,5,'2021-06-11','2021-06-11 08:10:00','2021-06-11 18:28:00','2021-09-07 00:28:11','2021-09-07 00:28:11'),
	(639,5,'2021-06-14','2021-06-14 08:15:00','2021-06-14 18:20:00','2021-09-07 00:28:11','2021-09-07 00:28:11'),
	(640,5,'2021-06-15','2021-06-15 08:46:00','2021-06-15 18:27:00','2021-09-07 00:28:11','2021-09-07 00:28:11'),
	(641,5,'2021-06-16','2021-06-16 08:56:00','2021-06-16 18:21:00','2021-09-07 00:28:11','2021-09-07 00:28:11'),
	(642,5,'2021-06-17','2021-06-17 08:51:00','2021-06-17 18:49:00','2021-09-07 00:28:11','2021-09-07 00:28:11'),
	(643,5,'2021-06-18','2021-06-18 08:31:00','2021-06-18 18:07:00','2021-09-07 00:28:11','2021-09-07 00:28:11'),
	(644,5,'2021-06-21','2021-06-21 08:33:00','2021-06-21 18:30:00','2021-09-07 00:28:11','2021-09-07 00:28:11'),
	(645,5,'2021-06-22','2021-06-22 08:26:00','2021-06-22 18:32:00','2021-09-07 00:28:11','2021-09-07 00:28:11'),
	(646,5,'2021-06-23','2021-06-23 08:28:00','2021-06-23 18:48:00','2021-09-07 00:28:11','2021-09-07 00:28:11'),
	(647,5,'2021-06-24','2021-06-24 08:36:00','2021-06-24 18:11:00','2021-09-07 00:28:11','2021-09-07 00:28:11'),
	(648,5,'2021-06-25','2021-06-25 08:13:00','2021-06-25 18:06:00','2021-09-07 00:28:11','2021-09-07 00:28:11'),
	(649,5,'2021-06-28','2021-06-28 08:33:00','2021-06-28 18:38:00','2021-09-07 00:28:11','2021-09-07 00:28:11'),
	(650,5,'2021-06-29','2021-06-29 08:39:00','2021-06-29 18:02:00','2021-09-07 00:28:11','2021-09-07 00:28:11'),
	(651,5,'2021-06-30','2021-06-30 08:36:00','2021-06-30 18:44:00','2021-09-07 00:28:11','2021-09-07 00:28:11'),
	(652,5,'2021-07-01','2021-07-01 08:10:00','2021-07-01 18:54:00','2021-09-07 00:28:11','2021-09-07 00:28:11'),
	(653,5,'2021-07-02','2021-07-02 08:09:00','2021-07-02 18:49:00','2021-09-07 00:28:11','2021-09-07 00:28:11'),
	(654,5,'2021-07-05','2021-07-05 08:34:00','2021-07-05 18:39:00','2021-09-07 00:28:11','2021-09-07 00:28:11'),
	(655,5,'2021-07-06','2021-07-06 08:36:00','2021-07-06 18:12:00','2021-09-07 00:28:11','2021-09-07 00:28:11'),
	(656,5,'2021-07-07','2021-07-07 08:09:00','2021-07-07 18:07:00','2021-09-07 00:28:11','2021-09-07 00:28:11'),
	(657,5,'2021-07-08','2021-07-08 08:08:00','2021-07-08 18:25:00','2021-09-07 00:28:11','2021-09-07 00:28:11'),
	(658,5,'2021-07-09','2021-07-09 08:09:00','2021-07-09 18:33:00','2021-09-07 00:28:11','2021-09-07 00:28:11'),
	(659,5,'2021-07-12','2021-07-12 08:45:00','2021-07-12 18:55:00','2021-09-07 00:28:11','2021-09-07 00:28:11'),
	(660,5,'2021-07-13','2021-07-13 08:08:00','2021-07-13 18:09:00','2021-09-07 00:28:11','2021-09-07 00:28:11'),
	(661,5,'2021-07-14','2021-07-14 08:59:00','2021-07-14 18:42:00','2021-09-07 00:28:11','2021-09-07 00:28:11'),
	(662,5,'2021-07-15','2021-07-15 08:32:00','2021-07-15 18:06:00','2021-09-07 00:28:11','2021-09-07 00:28:11'),
	(663,5,'2021-07-16','2021-07-16 08:37:00','2021-07-16 18:25:00','2021-09-07 00:28:11','2021-09-07 00:28:11'),
	(664,5,'2021-07-19','2021-07-19 08:05:00','2021-07-19 18:26:00','2021-09-07 00:28:11','2021-09-07 00:28:11'),
	(665,5,'2021-07-20','2021-07-20 08:36:00','2021-07-20 18:03:00','2021-09-07 00:28:11','2021-09-07 00:28:11'),
	(666,5,'2021-07-21','2021-07-21 08:36:00','2021-07-21 18:24:00','2021-09-07 00:28:11','2021-09-07 00:28:11'),
	(667,5,'2021-07-22','2021-07-22 08:06:00','2021-07-22 18:38:00','2021-09-07 00:28:11','2021-09-07 00:28:11'),
	(668,5,'2021-07-23','2021-07-23 08:45:00','2021-07-23 18:29:00','2021-09-07 00:28:11','2021-09-07 00:28:11'),
	(669,5,'2021-07-26','2021-07-26 08:52:00','2021-07-26 18:05:00','2021-09-07 00:28:11','2021-09-07 00:28:11'),
	(670,5,'2021-07-27','2021-07-27 08:35:00','2021-07-27 18:50:00','2021-09-07 00:28:11','2021-09-07 00:28:11'),
	(671,5,'2021-07-28','2021-07-28 08:18:00','2021-07-28 18:23:00','2021-09-07 00:28:11','2021-09-07 00:28:11'),
	(672,5,'2021-07-29','2021-07-29 08:42:00','2021-07-29 18:38:00','2021-09-07 00:28:11','2021-09-07 00:28:11'),
	(673,5,'2021-07-30','2021-07-30 08:07:00','2021-07-30 18:11:00','2021-09-07 00:28:11','2021-09-07 00:28:11'),
	(674,5,'2021-08-02','2021-08-02 08:42:00','2021-08-02 18:53:00','2021-09-07 00:28:11','2021-09-07 00:28:11'),
	(675,5,'2021-08-03','2021-08-03 08:24:00','2021-08-03 18:05:00','2021-09-07 00:28:11','2021-09-07 00:28:11'),
	(676,5,'2021-08-04','2021-08-04 08:34:00','2021-08-04 18:07:00','2021-09-07 00:28:11','2021-09-07 00:28:11'),
	(677,5,'2021-08-05','2021-08-05 08:56:00','2021-08-05 18:55:00','2021-09-07 00:28:11','2021-09-07 00:28:11'),
	(678,5,'2021-08-06','2021-08-06 08:20:00','2021-08-06 18:44:00','2021-09-07 00:28:11','2021-09-07 00:28:11'),
	(679,5,'2021-08-09','2021-08-09 08:59:00','2021-08-09 18:22:00','2021-09-07 00:28:11','2021-09-07 00:28:11'),
	(680,5,'2021-08-10','2021-08-10 08:57:00','2021-08-10 18:42:00','2021-09-07 00:28:11','2021-09-07 00:28:11'),
	(681,5,'2021-08-11','2021-08-11 08:55:00','2021-08-11 18:03:00','2021-09-07 00:28:11','2021-09-07 00:28:11'),
	(682,5,'2021-08-12','2021-08-12 08:52:00','2021-08-12 18:54:00','2021-09-07 00:28:11','2021-09-07 00:28:11'),
	(683,5,'2021-08-13','2021-08-13 08:26:00','2021-08-13 18:46:00','2021-09-07 00:28:11','2021-09-07 00:28:11'),
	(684,5,'2021-08-16','2021-08-16 08:11:00','2021-08-16 18:07:00','2021-09-07 00:28:11','2021-09-07 00:28:11'),
	(685,5,'2021-08-17','2021-08-17 08:55:00','2021-08-17 18:05:00','2021-09-07 00:28:11','2021-09-07 00:28:11'),
	(686,5,'2021-08-18','2021-08-18 08:14:00','2021-08-18 18:50:00','2021-09-07 00:28:11','2021-09-07 00:28:11'),
	(687,5,'2021-08-19','2021-08-19 08:14:00','2021-08-19 18:01:00','2021-09-07 00:28:11','2021-09-07 00:28:11'),
	(688,5,'2021-08-20','2021-08-20 08:52:00','2021-08-20 18:38:00','2021-09-07 00:28:11','2021-09-07 00:28:11'),
	(689,5,'2021-08-23','2021-08-23 08:33:00','2021-08-23 18:07:00','2021-09-07 00:28:11','2021-09-07 00:28:11'),
	(690,5,'2021-08-24','2021-08-24 08:32:00','2021-08-24 18:44:00','2021-09-07 00:28:11','2021-09-07 00:28:11'),
	(691,5,'2021-08-25','2021-08-25 08:34:00','2021-08-25 18:18:00','2021-09-07 00:28:11','2021-09-07 00:28:11'),
	(692,5,'2021-08-26','2021-08-26 08:24:00','2021-08-26 18:11:00','2021-09-07 00:28:11','2021-09-07 00:28:11'),
	(693,5,'2021-08-27','2021-08-27 08:59:00','2021-08-27 18:19:00','2021-09-07 00:28:11','2021-09-07 00:28:11'),
	(694,5,'2021-08-30','2021-08-30 08:48:00','2021-08-30 18:32:00','2021-09-07 00:28:11','2021-09-07 00:28:11'),
	(695,5,'2021-08-31','2021-08-31 08:20:00','2021-08-31 18:25:00','2021-09-07 00:28:11','2021-09-07 00:28:11'),
	(696,5,'2021-09-01','2021-09-01 09:36:00','2021-09-01 18:19:00','2021-09-07 00:28:11','2021-09-07 00:28:11'),
	(697,5,'2021-09-02','2021-09-02 12:30:00','2021-09-02 18:09:00','2021-09-07 00:28:11','2021-09-07 00:28:11'),
	(698,5,'2021-09-03','2021-09-03 08:42:00','2021-09-03 18:03:00','2021-09-07 00:28:11','2021-09-07 00:28:11'),
	(699,5,'2021-09-06','2021-09-06 08:08:00','2021-09-06 18:08:00','2021-09-07 00:28:11','2021-09-07 00:28:11'),
	(700,5,'2021-09-07','2021-09-07 08:22:00','2021-09-07 18:40:00','2021-09-07 00:28:11','2021-09-07 00:28:11'),
	(701,5,'2021-09-08','2021-09-08 08:55:00','2021-09-08 18:40:00','2021-09-07 00:28:11','2021-09-07 00:28:11'),
	(702,5,'2021-09-09','2021-09-09 08:16:00','2021-09-09 18:51:00','2021-09-07 00:28:11','2021-09-07 00:28:11'),
	(703,5,'2021-09-10','2021-09-10 08:09:00','2021-09-10 18:19:00','2021-09-07 00:28:11','2021-09-07 00:28:11'),
	(704,5,'2021-09-13','2021-09-13 08:49:00','2021-09-13 18:41:00','2021-09-07 00:28:11','2021-09-07 00:28:11'),
	(705,5,'2021-09-14','2021-09-14 08:18:00','2021-09-14 18:30:00','2021-09-07 00:28:11','2021-09-07 00:28:11'),
	(706,5,'2021-09-15','2021-09-15 08:08:00','2021-09-15 18:25:00','2021-09-07 00:28:11','2021-09-07 00:28:11'),
	(707,5,'2021-09-16','2021-09-16 08:58:00','2021-09-16 18:19:00','2021-09-07 00:28:11','2021-09-07 00:28:11'),
	(708,5,'2021-09-17','2021-09-17 08:22:00','2021-09-17 18:11:00','2021-09-07 00:28:11','2021-09-07 00:28:11'),
	(709,5,'2021-09-20','2021-09-20 08:33:00','2021-09-20 18:14:00','2021-09-07 00:28:11','2021-09-07 00:28:11'),
	(710,5,'2021-09-21','2021-09-21 08:47:00','2021-09-21 18:16:00','2021-09-07 00:28:11','2021-09-07 00:28:11'),
	(711,5,'2021-09-22','2021-09-22 08:22:00','2021-09-22 18:51:00','2021-09-07 00:28:11','2021-09-07 00:28:11'),
	(712,5,'2021-09-23','2021-09-23 08:37:00','2021-09-23 18:03:00','2021-09-07 00:28:11','2021-09-07 00:28:11'),
	(713,5,'2021-09-24','2021-09-24 08:57:00','2021-09-24 18:39:00','2021-09-07 00:28:11','2021-09-07 00:28:11'),
	(714,5,'2021-09-27','2021-09-27 08:16:00','2021-09-27 18:16:00','2021-09-07 00:28:11','2021-09-07 00:28:11'),
	(715,5,'2021-09-28','2021-09-28 08:18:00','2021-09-28 18:29:00','2021-09-07 00:28:11','2021-09-07 00:28:11'),
	(716,5,'2021-09-29','2021-09-29 08:17:00','2021-09-29 18:47:00','2021-09-07 00:28:11','2021-09-07 00:28:11'),
	(717,5,'2021-09-30','2021-09-30 08:23:00','2021-09-30 12:10:00','2021-09-07 00:28:11','2021-09-07 00:28:11'),
	(718,5,'2021-10-01','2021-10-01 08:26:00','2021-10-01 18:18:00','2021-09-07 00:28:11','2021-09-07 00:28:11'),
	(719,5,'2021-10-04','2021-10-04 08:09:00','2021-10-04 18:14:00','2021-09-07 00:28:11','2021-09-07 00:28:11'),
	(720,5,'2021-10-05','2021-10-05 08:11:00','2021-10-05 18:35:00','2021-09-07 00:28:11','2021-09-07 00:28:11'),
	(721,5,'2021-10-06','2021-10-06 08:32:00','2021-10-06 18:54:00','2021-09-07 00:28:11','2021-09-07 00:28:11'),
	(722,5,'2021-10-07','2021-10-07 08:24:00','2021-10-07 18:51:00','2021-09-07 00:28:11','2021-09-07 00:28:11'),
	(723,5,'2021-10-08','2021-10-08 08:23:00','2021-10-08 18:51:00','2021-09-07 00:28:11','2021-09-07 00:28:11'),
	(724,5,'2021-10-11','2021-10-11 08:19:00','2021-10-11 18:37:00','2021-09-07 00:28:11','2021-09-07 00:28:11'),
	(725,5,'2021-10-12','2021-10-12 08:34:00','2021-10-12 18:02:00','2021-09-07 00:28:11','2021-09-07 00:28:11'),
	(726,5,'2021-10-13','2021-10-13 08:21:00','2021-10-13 18:05:00','2021-09-07 00:28:11','2021-09-07 00:28:11'),
	(727,5,'2021-10-14','2021-10-14 08:29:00','2021-10-14 18:50:00','2021-09-07 00:28:11','2021-09-07 00:28:11'),
	(728,5,'2021-10-15','2021-10-15 08:40:00','2021-10-15 18:26:00','2021-09-07 00:28:11','2021-09-07 00:28:11'),
	(729,5,'2021-10-18','2021-10-18 08:58:00','2021-10-18 18:31:00','2021-09-07 00:28:11','2021-09-07 00:28:11'),
	(730,5,'2021-10-19','2021-10-19 12:45:00','2021-10-19 18:46:00','2021-09-07 00:28:11','2021-09-07 00:28:11'),
	(731,5,'2021-10-20',NULL,NULL,'2021-09-07 00:28:11','2021-09-07 00:28:11'),
	(732,5,'2021-10-21','2021-10-21 08:52:00','2021-10-21 18:42:00','2021-09-07 00:28:11','2021-09-07 00:28:11'),
	(733,5,'2021-10-22','2021-10-22 08:52:00','2021-10-22 18:44:00','2021-09-07 00:28:11','2021-09-07 00:28:11'),
	(734,5,'2021-10-25','2021-10-25 08:58:00','2021-10-25 18:55:00','2021-09-07 00:28:11','2021-09-07 00:28:11'),
	(735,5,'2021-10-26','2021-10-26 08:44:00','2021-10-26 18:15:00','2021-09-07 00:28:11','2021-09-07 00:28:11'),
	(736,5,'2021-10-27','2021-10-27 08:37:00','2021-10-27 18:34:00','2021-09-07 00:28:11','2021-09-07 00:28:11'),
	(737,5,'2021-10-28','2021-10-28 08:29:00','2021-10-28 18:08:00','2021-09-07 00:28:11','2021-09-07 00:28:11'),
	(738,5,'2021-10-29','2021-10-29 09:12:00','2021-10-29 18:46:00','2021-09-07 00:28:11','2021-09-07 00:28:11'),
	(739,5,'2021-11-01','2021-11-01 08:21:00','2021-11-01 18:33:00','2021-09-07 00:28:11','2021-09-07 00:28:11'),
	(740,5,'2021-11-02','2021-11-02 08:41:00','2021-11-02 18:36:00','2021-09-07 00:28:11','2021-09-07 00:28:11'),
	(741,5,'2021-11-03','2021-11-03 08:12:00','2021-11-03 18:31:00','2021-09-07 00:28:11','2021-09-07 00:28:11'),
	(742,5,'2021-11-04','2021-11-04 08:55:00','2021-11-04 18:48:00','2021-09-07 00:28:11','2021-09-07 00:28:11'),
	(743,5,'2021-11-05','2021-11-05 08:23:00','2021-11-05 18:20:00','2021-09-07 00:28:11','2021-09-07 00:28:11'),
	(744,5,'2021-11-08','2021-11-08 08:52:00','2021-11-08 17:18:00','2021-09-07 00:28:11','2021-09-07 00:28:11'),
	(745,5,'2021-11-09','2021-11-09 08:24:00','2021-11-09 18:24:00','2021-09-07 00:28:11','2021-09-07 00:28:11'),
	(746,5,'2021-11-10','2021-11-10 08:52:00','2021-11-10 18:06:00','2021-09-07 00:28:11','2021-09-07 00:28:11'),
	(747,5,'2021-11-11','2021-11-11 08:54:00','2021-11-11 12:25:00','2021-09-07 00:28:11','2021-09-07 00:28:11'),
	(748,5,'2021-11-12','2021-11-12 08:06:00','2021-11-12 18:20:00','2021-09-07 00:28:11','2021-09-07 00:28:11'),
	(749,5,'2021-11-15','2021-11-15 08:05:00','2021-11-15 18:12:00','2021-09-07 00:28:11','2021-09-07 00:28:11'),
	(750,5,'2021-11-16','2021-11-16 08:43:00','2021-11-16 18:49:00','2021-09-07 00:28:11','2021-09-07 00:28:11'),
	(751,5,'2021-11-17','2021-11-17 08:48:00','2021-11-17 18:37:00','2021-09-07 00:28:11','2021-09-07 00:28:11'),
	(752,5,'2021-11-18','2021-11-18 08:43:00','2021-11-18 18:19:00','2021-09-07 00:28:11','2021-09-07 00:28:11'),
	(753,5,'2021-11-19','2021-11-19 08:09:00','2021-11-19 12:10:00','2021-09-07 00:28:11','2021-09-07 00:28:11'),
	(754,5,'2021-11-22','2021-11-22 08:20:00','2021-11-22 18:03:00','2021-09-07 00:28:11','2021-09-07 00:28:11'),
	(755,5,'2021-11-23','2021-11-23 08:46:00','2021-11-23 18:25:00','2021-09-07 00:28:11','2021-09-07 00:28:11'),
	(756,5,'2021-11-24','2021-11-24 08:13:00','2021-11-24 18:47:00','2021-09-07 00:28:11','2021-09-07 00:28:11'),
	(757,5,'2021-11-25','2021-11-25 08:25:00','2021-11-25 18:47:00','2021-09-07 00:28:11','2021-09-07 00:28:11'),
	(758,5,'2021-11-26','2021-11-26 08:31:00','2021-11-26 18:03:00','2021-09-07 00:28:11','2021-09-07 00:28:11'),
	(759,5,'2021-11-29','2021-11-29 08:05:00','2021-11-29 18:32:00','2021-09-07 00:28:11','2021-09-07 00:28:11'),
	(760,5,'2021-11-30','2021-11-30 08:51:00','2021-11-30 18:05:00','2021-09-07 00:28:11','2021-09-07 00:28:11'),
	(761,5,'2021-12-01','2021-12-01 08:15:00','2021-12-01 18:51:00','2021-09-07 00:28:11','2021-09-07 00:28:11'),
	(762,5,'2021-12-02','2021-12-02 08:24:00','2021-12-02 18:04:00','2021-09-07 00:28:11','2021-09-07 00:28:11'),
	(763,5,'2021-12-03','2021-12-03 08:54:00','2021-12-03 18:26:00','2021-09-07 00:28:11','2021-09-07 00:28:11'),
	(764,5,'2021-12-06','2021-12-06 08:35:00','2021-12-06 18:36:00','2021-09-07 00:28:11','2021-09-07 00:28:11'),
	(765,5,'2021-12-07','2021-12-07 08:13:00','2021-12-07 18:18:00','2021-09-07 00:28:11','2021-09-07 00:28:11'),
	(766,5,'2021-12-08','2021-12-08 08:56:00','2021-12-08 18:08:00','2021-09-07 00:28:11','2021-09-07 00:28:11'),
	(767,5,'2021-12-09','2021-12-09 08:31:00','2021-12-09 18:23:00','2021-09-07 00:28:11','2021-09-07 00:28:11'),
	(768,5,'2021-12-10','2021-12-10 08:24:00','2021-12-10 18:35:00','2021-09-07 00:28:11','2021-09-07 00:28:11'),
	(769,5,'2021-12-13','2021-12-13 08:20:00','2021-12-13 12:17:00','2021-09-07 00:28:11','2021-09-07 00:28:11'),
	(770,5,'2021-12-14','2021-12-14 08:35:00','2021-12-14 18:10:00','2021-09-07 00:28:11','2021-09-07 00:28:11'),
	(771,5,'2021-12-15','2021-12-15 08:21:00','2021-12-15 18:10:00','2021-09-07 00:28:11','2021-09-07 00:28:11'),
	(772,5,'2021-12-16','2021-12-16 08:31:00','2021-12-16 18:37:00','2021-09-07 00:28:11','2021-09-07 00:28:11'),
	(773,5,'2021-12-17','2021-12-17 08:43:00','2021-12-17 18:40:00','2021-09-07 00:28:11','2021-09-07 00:28:11'),
	(774,5,'2021-12-20','2021-12-20 08:46:00','2021-12-20 18:23:00','2021-09-07 00:28:11','2021-09-07 00:28:11'),
	(775,5,'2021-12-21','2021-12-21 08:09:00','2021-12-21 18:10:00','2021-09-07 00:28:11','2021-09-07 00:28:11'),
	(776,5,'2021-12-22','2021-12-22 08:19:00','2021-12-22 18:45:00','2021-09-07 00:28:11','2021-09-07 00:28:11'),
	(777,5,'2021-12-23','2021-12-23 08:14:00','2021-12-23 18:03:00','2021-09-07 00:28:11','2021-09-07 00:28:11'),
	(778,5,'2021-12-24','2021-12-24 08:11:00','2021-12-24 18:26:00','2021-09-07 00:28:11','2021-09-07 00:28:11'),
	(779,5,'2021-12-27','2021-12-27 08:42:00','2021-12-27 18:27:00','2021-09-07 00:28:11','2021-09-07 00:28:11'),
	(780,5,'2021-12-28','2021-12-28 08:18:00','2021-12-28 18:19:00','2021-09-07 00:28:11','2021-09-07 00:28:11'),
	(781,5,'2021-12-29','2021-12-29 08:19:00','2021-12-29 18:43:00','2021-09-07 00:28:11','2021-09-07 00:28:11'),
	(782,5,'2021-12-30','2021-12-30 08:28:00','2021-12-30 18:21:00','2021-09-07 00:28:11','2021-09-07 00:28:11'),
	(783,5,'2021-12-31','2021-12-31 08:13:00','2021-12-31 18:49:00','2021-09-07 00:28:11','2021-09-07 00:28:11'),
	(784,6,'2021-01-01','2021-01-01 08:05:00','2021-01-01 18:44:00','2021-09-07 00:28:11','2021-09-07 00:28:11'),
	(785,6,'2021-01-04','2021-01-04 08:27:00','2021-01-04 18:39:00','2021-09-07 00:28:11','2021-09-07 00:28:11'),
	(786,6,'2021-01-05','2021-01-05 08:39:00','2021-01-05 18:19:00','2021-09-07 00:28:11','2021-09-07 00:28:11'),
	(787,6,'2021-01-06','2021-01-06 08:43:00','2021-01-06 18:14:00','2021-09-07 00:28:11','2021-09-07 00:28:11'),
	(788,6,'2021-01-07','2021-01-07 08:16:00','2021-01-07 18:48:00','2021-09-07 00:28:11','2021-09-07 00:28:11'),
	(789,6,'2021-01-08','2021-01-08 08:44:00','2021-01-08 18:29:00','2021-09-07 00:28:11','2021-09-07 00:28:11'),
	(790,6,'2021-01-11','2021-01-11 08:27:00','2021-01-11 18:13:00','2021-09-07 00:28:11','2021-09-07 00:28:11'),
	(791,6,'2021-01-12','2021-01-12 08:28:00','2021-01-12 18:52:00','2021-09-07 00:28:11','2021-09-07 00:28:11'),
	(792,6,'2021-01-13','2021-01-13 08:46:00','2021-01-13 18:01:00','2021-09-07 00:28:11','2021-09-07 00:28:11'),
	(793,6,'2021-01-14','2021-01-14 08:23:00','2021-01-14 18:11:00','2021-09-07 00:28:11','2021-09-07 00:28:11'),
	(794,6,'2021-01-15','2021-01-15 08:28:00','2021-01-15 18:35:00','2021-09-07 00:28:11','2021-09-07 00:28:11'),
	(795,6,'2021-01-18','2021-01-18 08:37:00','2021-01-18 18:05:00','2021-09-07 00:28:11','2021-09-07 00:28:11'),
	(796,6,'2021-01-19','2021-01-19 08:45:00','2021-01-19 18:19:00','2021-09-07 00:28:11','2021-09-07 00:28:11'),
	(797,6,'2021-01-20','2021-01-20 08:59:00','2021-01-20 18:55:00','2021-09-07 00:28:11','2021-09-07 00:28:11'),
	(798,6,'2021-01-21','2021-01-21 08:32:00','2021-01-21 18:23:00','2021-09-07 00:28:11','2021-09-07 00:28:11'),
	(799,6,'2021-01-22','2021-01-22 08:56:00','2021-01-22 18:43:00','2021-09-07 00:28:11','2021-09-07 00:28:11'),
	(800,6,'2021-01-25','2021-01-25 08:06:00','2021-01-25 18:30:00','2021-09-07 00:28:11','2021-09-07 00:28:11'),
	(801,6,'2021-01-26','2021-01-26 08:08:00','2021-01-26 18:34:00','2021-09-07 00:28:11','2021-09-07 00:28:11'),
	(802,6,'2021-01-27','2021-01-27 08:32:00','2021-01-27 18:31:00','2021-09-07 00:28:11','2021-09-07 00:28:11'),
	(803,6,'2021-01-28','2021-01-28 08:19:00','2021-01-28 18:45:00','2021-09-07 00:28:11','2021-09-07 00:28:11'),
	(804,6,'2021-01-29','2021-01-29 08:55:00','2021-01-29 18:12:00','2021-09-07 00:28:11','2021-09-07 00:28:11'),
	(805,6,'2021-02-01','2021-02-01 08:59:00','2021-02-01 18:14:00','2021-09-07 00:28:11','2021-09-07 00:28:11'),
	(806,6,'2021-02-02','2021-02-02 08:30:00','2021-02-02 18:22:00','2021-09-07 00:28:11','2021-09-07 00:28:11'),
	(807,6,'2021-02-03','2021-02-03 08:59:00','2021-02-03 18:11:00','2021-09-07 00:28:11','2021-09-07 00:28:11'),
	(808,6,'2021-02-04','2021-02-04 08:52:00','2021-02-04 18:46:00','2021-09-07 00:28:11','2021-09-07 00:28:11'),
	(809,6,'2021-02-05','2021-02-05 08:55:00','2021-02-05 18:31:00','2021-09-07 00:28:11','2021-09-07 00:28:11'),
	(810,6,'2021-02-08','2021-02-08 08:30:00','2021-02-08 18:23:00','2021-09-07 00:28:11','2021-09-07 00:28:11'),
	(811,6,'2021-02-09','2021-02-09 08:48:00','2021-02-09 18:12:00','2021-09-07 00:28:11','2021-09-07 00:28:11'),
	(812,6,'2021-02-10','2021-02-10 08:49:00','2021-02-10 18:30:00','2021-09-07 00:28:11','2021-09-07 00:28:11'),
	(813,6,'2021-02-11','2021-02-11 08:58:00','2021-02-11 18:52:00','2021-09-07 00:28:11','2021-09-07 00:28:11'),
	(814,6,'2021-02-12','2021-02-12 08:20:00','2021-02-12 18:44:00','2021-09-07 00:28:11','2021-09-07 00:28:11'),
	(815,6,'2021-02-15','2021-02-15 08:31:00','2021-02-15 18:50:00','2021-09-07 00:28:11','2021-09-07 00:28:11'),
	(816,6,'2021-02-16','2021-02-16 08:16:00','2021-02-16 18:41:00','2021-09-07 00:28:11','2021-09-07 00:28:11'),
	(817,6,'2021-02-17','2021-02-17 08:52:00','2021-02-17 18:46:00','2021-09-07 00:28:11','2021-09-07 00:28:11'),
	(818,6,'2021-02-18','2021-02-18 08:38:00','2021-02-18 18:05:00','2021-09-07 00:28:11','2021-09-07 00:28:11'),
	(819,6,'2021-02-19','2021-02-19 08:05:00','2021-02-19 18:24:00','2021-09-07 00:28:11','2021-09-07 00:28:11'),
	(820,6,'2021-02-22','2021-02-22 08:27:00','2021-02-22 18:06:00','2021-09-07 00:28:11','2021-09-07 00:28:11'),
	(821,6,'2021-02-23','2021-02-23 08:26:00','2021-02-23 18:45:00','2021-09-07 00:28:11','2021-09-07 00:28:11'),
	(822,6,'2021-02-24','2021-02-24 08:39:00','2021-02-24 18:33:00','2021-09-07 00:28:11','2021-09-07 00:28:11'),
	(823,6,'2021-02-25','2021-02-25 08:09:00','2021-02-25 18:14:00','2021-09-07 00:28:11','2021-09-07 00:28:11'),
	(824,6,'2021-02-26','2021-02-26 08:42:00','2021-02-26 18:33:00','2021-09-07 00:28:11','2021-09-07 00:28:11'),
	(825,6,'2021-03-01','2021-03-01 08:28:00','2021-03-01 18:33:00','2021-09-07 00:28:11','2021-09-07 00:28:11'),
	(826,6,'2021-03-02','2021-03-02 08:32:00','2021-03-02 18:51:00','2021-09-07 00:28:11','2021-09-07 00:28:11'),
	(827,6,'2021-03-03','2021-03-03 08:34:00','2021-03-03 18:46:00','2021-09-07 00:28:11','2021-09-07 00:28:11'),
	(828,6,'2021-03-04','2021-03-04 08:32:00','2021-03-04 18:12:00','2021-09-07 00:28:11','2021-09-07 00:28:11'),
	(829,6,'2021-03-05','2021-03-05 08:25:00','2021-03-05 18:23:00','2021-09-07 00:28:11','2021-09-07 00:28:11'),
	(830,6,'2021-03-08','2021-03-08 08:12:00','2021-03-08 18:29:00','2021-09-07 00:28:11','2021-09-07 00:28:11'),
	(831,6,'2021-03-09','2021-03-09 08:45:00','2021-03-09 18:14:00','2021-09-07 00:28:11','2021-09-07 00:28:11'),
	(832,6,'2021-03-10','2021-03-10 08:31:00','2021-03-10 18:15:00','2021-09-07 00:28:11','2021-09-07 00:28:11'),
	(833,6,'2021-03-11','2021-03-11 08:24:00','2021-03-11 18:49:00','2021-09-07 00:28:11','2021-09-07 00:28:11'),
	(834,6,'2021-03-12','2021-03-12 08:22:00','2021-03-12 18:53:00','2021-09-07 00:28:11','2021-09-07 00:28:11'),
	(835,6,'2021-03-15','2021-03-15 08:34:00','2021-03-15 18:48:00','2021-09-07 00:28:11','2021-09-07 00:28:11'),
	(836,6,'2021-03-16','2021-03-16 08:08:00','2021-03-16 18:17:00','2021-09-07 00:28:11','2021-09-07 00:28:11'),
	(837,6,'2021-03-17','2021-03-17 08:48:00','2021-03-17 18:01:00','2021-09-07 00:28:11','2021-09-07 00:28:11'),
	(838,6,'2021-03-18','2021-03-18 08:56:00','2021-03-18 18:22:00','2021-09-07 00:28:11','2021-09-07 00:28:11'),
	(839,6,'2021-03-19','2021-03-19 08:53:00','2021-03-19 18:23:00','2021-09-07 00:28:11','2021-09-07 00:28:11'),
	(840,6,'2021-03-22','2021-03-22 08:33:00','2021-03-22 18:44:00','2021-09-07 00:28:11','2021-09-07 00:28:11'),
	(841,6,'2021-03-23','2021-03-23 08:16:00','2021-03-23 18:21:00','2021-09-07 00:28:11','2021-09-07 00:28:11'),
	(842,6,'2021-03-24','2021-03-24 08:50:00','2021-03-24 18:13:00','2021-09-07 00:28:11','2021-09-07 00:28:11'),
	(843,6,'2021-03-25','2021-03-25 08:50:00','2021-03-25 18:05:00','2021-09-07 00:28:11','2021-09-07 00:28:11'),
	(844,6,'2021-03-26','2021-03-26 08:58:00','2021-03-26 18:40:00','2021-09-07 00:28:11','2021-09-07 00:28:11'),
	(845,6,'2021-03-29','2021-03-29 08:06:00','2021-03-29 18:09:00','2021-09-07 00:28:11','2021-09-07 00:28:11'),
	(846,6,'2021-03-30','2021-03-30 08:06:00','2021-03-30 18:55:00','2021-09-07 00:28:11','2021-09-07 00:28:11'),
	(847,6,'2021-03-31','2021-03-31 08:42:00','2021-03-31 18:28:00','2021-09-07 00:28:11','2021-09-07 00:28:11'),
	(848,6,'2021-04-01','2021-04-01 08:49:00','2021-04-01 18:04:00','2021-09-07 00:28:11','2021-09-07 00:28:11'),
	(849,6,'2021-04-02','2021-04-02 08:21:00','2021-04-02 18:54:00','2021-09-07 00:28:11','2021-09-07 00:28:11'),
	(850,6,'2021-04-05','2021-04-05 08:44:00','2021-04-05 18:40:00','2021-09-07 00:28:11','2021-09-07 00:28:11'),
	(851,6,'2021-04-06','2021-04-06 08:28:00','2021-04-06 18:12:00','2021-09-07 00:28:11','2021-09-07 00:28:11'),
	(852,6,'2021-04-07','2021-04-07 08:50:00','2021-04-07 18:08:00','2021-09-07 00:28:11','2021-09-07 00:28:11'),
	(853,6,'2021-04-08','2021-04-08 08:52:00','2021-04-08 18:15:00','2021-09-07 00:28:11','2021-09-07 00:28:11'),
	(854,6,'2021-04-09','2021-04-09 08:55:00','2021-04-09 18:02:00','2021-09-07 00:28:11','2021-09-07 00:28:11'),
	(855,6,'2021-04-12','2021-04-12 08:31:00','2021-04-12 18:22:00','2021-09-07 00:28:11','2021-09-07 00:28:11'),
	(856,6,'2021-04-13','2021-04-13 08:10:00','2021-04-13 18:10:00','2021-09-07 00:28:11','2021-09-07 00:28:11'),
	(857,6,'2021-04-14','2021-04-14 08:08:00','2021-04-14 18:35:00','2021-09-07 00:28:11','2021-09-07 00:28:11'),
	(858,6,'2021-04-15','2021-04-15 08:34:00','2021-04-15 18:11:00','2021-09-07 00:28:11','2021-09-07 00:28:11'),
	(859,6,'2021-04-16','2021-04-16 08:08:00','2021-04-16 18:05:00','2021-09-07 00:28:11','2021-09-07 00:28:11'),
	(860,6,'2021-04-19','2021-04-19 08:26:00','2021-04-19 18:16:00','2021-09-07 00:28:11','2021-09-07 00:28:11'),
	(861,6,'2021-04-20','2021-04-20 08:08:00','2021-04-20 18:39:00','2021-09-07 00:28:11','2021-09-07 00:28:11'),
	(862,6,'2021-04-21','2021-04-21 08:31:00','2021-04-21 18:37:00','2021-09-07 00:28:11','2021-09-07 00:28:11'),
	(863,6,'2021-04-22','2021-04-22 08:31:00','2021-04-22 18:23:00','2021-09-07 00:28:11','2021-09-07 00:28:11'),
	(864,6,'2021-04-23','2021-04-23 08:44:00','2021-04-23 18:01:00','2021-09-07 00:28:11','2021-09-07 00:28:11'),
	(865,6,'2021-04-26','2021-04-26 08:05:00','2021-04-26 18:50:00','2021-09-07 00:28:11','2021-09-07 00:28:11'),
	(866,6,'2021-04-27','2021-04-27 08:49:00','2021-04-27 18:22:00','2021-09-07 00:28:11','2021-09-07 00:28:11'),
	(867,6,'2021-04-28','2021-04-28 08:07:00','2021-04-28 18:20:00','2021-09-07 00:28:11','2021-09-07 00:28:11'),
	(868,6,'2021-04-29','2021-04-29 08:44:00','2021-04-29 18:50:00','2021-09-07 00:28:11','2021-09-07 00:28:11'),
	(869,6,'2021-04-30','2021-04-30 08:41:00','2021-04-30 18:14:00','2021-09-07 00:28:11','2021-09-07 00:28:11'),
	(870,6,'2021-05-03','2021-05-03 08:54:00','2021-05-03 18:38:00','2021-09-07 00:28:11','2021-09-07 00:28:11'),
	(871,6,'2021-05-04','2021-05-04 08:55:00','2021-05-04 18:36:00','2021-09-07 00:28:11','2021-09-07 00:28:11'),
	(872,6,'2021-05-05','2021-05-05 08:59:00','2021-05-05 18:34:00','2021-09-07 00:28:11','2021-09-07 00:28:11'),
	(873,6,'2021-05-06','2021-05-06 08:22:00','2021-05-06 18:24:00','2021-09-07 00:28:11','2021-09-07 00:28:11'),
	(874,6,'2021-05-07','2021-05-07 08:14:00','2021-05-07 18:28:00','2021-09-07 00:28:11','2021-09-07 00:28:11'),
	(875,6,'2021-05-10','2021-05-10 08:14:00','2021-05-10 18:10:00','2021-09-07 00:28:11','2021-09-07 00:28:11'),
	(876,6,'2021-05-11','2021-05-11 08:48:00','2021-05-11 18:48:00','2021-09-07 00:28:11','2021-09-07 00:28:11'),
	(877,6,'2021-05-12','2021-05-12 08:35:00','2021-05-12 18:29:00','2021-09-07 00:28:11','2021-09-07 00:28:11'),
	(878,6,'2021-05-13','2021-05-13 08:28:00','2021-05-13 18:10:00','2021-09-07 00:28:11','2021-09-07 00:28:11'),
	(879,6,'2021-05-14','2021-05-14 08:18:00','2021-05-14 18:20:00','2021-09-07 00:28:11','2021-09-07 00:28:11'),
	(880,6,'2021-05-17','2021-05-17 08:16:00','2021-05-17 18:24:00','2021-09-07 00:28:11','2021-09-07 00:28:11'),
	(881,6,'2021-05-18','2021-05-18 08:44:00','2021-05-18 18:10:00','2021-09-07 00:28:11','2021-09-07 00:28:11'),
	(882,6,'2021-05-19','2021-05-19 08:24:00','2021-05-19 18:26:00','2021-09-07 00:28:11','2021-09-07 00:28:11'),
	(883,6,'2021-05-20','2021-05-20 08:10:00','2021-05-20 18:15:00','2021-09-07 00:28:11','2021-09-07 00:28:11'),
	(884,6,'2021-05-21','2021-05-21 08:28:00','2021-05-21 18:42:00','2021-09-07 00:28:11','2021-09-07 00:28:11'),
	(885,6,'2021-05-24','2021-05-24 08:09:00','2021-05-24 18:24:00','2021-09-07 00:28:11','2021-09-07 00:28:11'),
	(886,6,'2021-05-25','2021-05-25 08:25:00','2021-05-25 18:54:00','2021-09-07 00:28:11','2021-09-07 00:28:11'),
	(887,6,'2021-05-26','2021-05-26 08:31:00','2021-05-26 18:19:00','2021-09-07 00:28:11','2021-09-07 00:28:11'),
	(888,6,'2021-05-27','2021-05-27 08:58:00','2021-05-27 18:20:00','2021-09-07 00:28:11','2021-09-07 00:28:11'),
	(889,6,'2021-05-28','2021-05-28 08:21:00','2021-05-28 18:51:00','2021-09-07 00:28:11','2021-09-07 00:28:11'),
	(890,6,'2021-05-31','2021-05-31 08:27:00','2021-05-31 18:48:00','2021-09-07 00:28:11','2021-09-07 00:28:11'),
	(891,6,'2021-06-01','2021-06-01 08:16:00','2021-06-01 18:53:00','2021-09-07 00:28:11','2021-09-07 00:28:11'),
	(892,6,'2021-06-02','2021-06-02 08:15:00','2021-06-02 18:28:00','2021-09-07 00:28:11','2021-09-07 00:28:11'),
	(893,6,'2021-06-03','2021-06-03 08:26:00','2021-06-03 18:36:00','2021-09-07 00:28:11','2021-09-07 00:28:11'),
	(894,6,'2021-06-04','2021-06-04 08:23:00','2021-06-04 18:08:00','2021-09-07 00:28:11','2021-09-07 00:28:11'),
	(895,6,'2021-06-07','2021-06-07 08:17:00','2021-06-07 18:49:00','2021-09-07 00:28:11','2021-09-07 00:28:11'),
	(896,6,'2021-06-08','2021-06-08 08:19:00','2021-06-08 18:09:00','2021-09-07 00:28:11','2021-09-07 00:28:11'),
	(897,6,'2021-06-09','2021-06-09 08:32:00','2021-06-09 18:42:00','2021-09-07 00:28:11','2021-09-07 00:28:11'),
	(898,6,'2021-06-10','2021-06-10 08:11:00','2021-06-10 18:48:00','2021-09-07 00:28:11','2021-09-07 00:28:11'),
	(899,6,'2021-06-11','2021-06-11 08:29:00','2021-06-11 18:26:00','2021-09-07 00:28:11','2021-09-07 00:28:11'),
	(900,6,'2021-06-14','2021-06-14 08:20:00','2021-06-14 18:05:00','2021-09-07 00:28:11','2021-09-07 00:28:11'),
	(901,6,'2021-06-15','2021-06-15 08:22:00','2021-06-15 18:03:00','2021-09-07 00:28:11','2021-09-07 00:28:11'),
	(902,6,'2021-06-16','2021-06-16 08:14:00','2021-06-16 18:36:00','2021-09-07 00:28:11','2021-09-07 00:28:11'),
	(903,6,'2021-06-17','2021-06-17 08:13:00','2021-06-17 18:55:00','2021-09-07 00:28:11','2021-09-07 00:28:11'),
	(904,6,'2021-06-18','2021-06-18 08:43:00','2021-06-18 18:07:00','2021-09-07 00:28:11','2021-09-07 00:28:11'),
	(905,6,'2021-06-21','2021-06-21 08:26:00','2021-06-21 18:47:00','2021-09-07 00:28:11','2021-09-07 00:28:11'),
	(906,6,'2021-06-22','2021-06-22 08:50:00','2021-06-22 18:47:00','2021-09-07 00:28:11','2021-09-07 00:28:11'),
	(907,6,'2021-06-23','2021-06-23 08:52:00','2021-06-23 18:55:00','2021-09-07 00:28:11','2021-09-07 00:28:11'),
	(908,6,'2021-06-24','2021-06-24 08:40:00','2021-06-24 18:02:00','2021-09-07 00:28:11','2021-09-07 00:28:11'),
	(909,6,'2021-06-25','2021-06-25 08:42:00','2021-06-25 18:20:00','2021-09-07 00:28:11','2021-09-07 00:28:11'),
	(910,6,'2021-06-28','2021-06-28 08:37:00','2021-06-28 18:03:00','2021-09-07 00:28:11','2021-09-07 00:28:11'),
	(911,6,'2021-06-29','2021-06-29 08:33:00','2021-06-29 18:47:00','2021-09-07 00:28:11','2021-09-07 00:28:11'),
	(912,6,'2021-06-30','2021-06-30 08:32:00','2021-06-30 18:24:00','2021-09-07 00:28:12','2021-09-07 00:28:12'),
	(913,6,'2021-07-01','2021-07-01 08:59:00','2021-07-01 18:34:00','2021-09-07 00:28:12','2021-09-07 00:28:12'),
	(914,6,'2021-07-02','2021-07-02 08:08:00','2021-07-02 18:14:00','2021-09-07 00:28:12','2021-09-07 00:28:12'),
	(915,6,'2021-07-05','2021-07-05 08:29:00','2021-07-05 18:39:00','2021-09-07 00:28:12','2021-09-07 00:28:12'),
	(916,6,'2021-07-06','2021-07-06 08:18:00','2021-07-06 18:33:00','2021-09-07 00:28:12','2021-09-07 00:28:12'),
	(917,6,'2021-07-07','2021-07-07 08:05:00','2021-07-07 18:39:00','2021-09-07 00:28:12','2021-09-07 00:28:12'),
	(918,6,'2021-07-08','2021-07-08 08:20:00','2021-07-08 18:15:00','2021-09-07 00:28:12','2021-09-07 00:28:12'),
	(919,6,'2021-07-09','2021-07-09 08:49:00','2021-07-09 18:26:00','2021-09-07 00:28:12','2021-09-07 00:28:12'),
	(920,6,'2021-07-12','2021-07-12 08:27:00','2021-07-12 18:53:00','2021-09-07 00:28:12','2021-09-07 00:28:12'),
	(921,6,'2021-07-13','2021-07-13 08:27:00','2021-07-13 18:20:00','2021-09-07 00:28:12','2021-09-07 00:28:12'),
	(922,6,'2021-07-14','2021-07-14 08:39:00','2021-07-14 18:47:00','2021-09-07 00:28:12','2021-09-07 00:28:12'),
	(923,6,'2021-07-15','2021-07-15 08:58:00','2021-07-15 18:49:00','2021-09-07 00:28:12','2021-09-07 00:28:12'),
	(924,6,'2021-07-16','2021-07-16 08:44:00','2021-07-16 18:34:00','2021-09-07 00:28:12','2021-09-07 00:28:12'),
	(925,6,'2021-07-19','2021-07-19 08:21:00','2021-07-19 18:08:00','2021-09-07 00:28:12','2021-09-07 00:28:12'),
	(926,6,'2021-07-20','2021-07-20 08:15:00','2021-07-20 18:54:00','2021-09-07 00:28:12','2021-09-07 00:28:12'),
	(927,6,'2021-07-21','2021-07-21 08:25:00','2021-07-21 18:41:00','2021-09-07 00:28:12','2021-09-07 00:28:12'),
	(928,6,'2021-07-22','2021-07-22 08:36:00','2021-07-22 18:26:00','2021-09-07 00:28:12','2021-09-07 00:28:12'),
	(929,6,'2021-07-23','2021-07-23 08:06:00','2021-07-23 18:18:00','2021-09-07 00:28:12','2021-09-07 00:28:12'),
	(930,6,'2021-07-26','2021-07-26 08:38:00','2021-07-26 18:30:00','2021-09-07 00:28:12','2021-09-07 00:28:12'),
	(931,6,'2021-07-27','2021-07-27 08:28:00','2021-07-27 18:40:00','2021-09-07 00:28:12','2021-09-07 00:28:12'),
	(932,6,'2021-07-28','2021-07-28 08:59:00','2021-07-28 18:47:00','2021-09-07 00:28:12','2021-09-07 00:28:12'),
	(933,6,'2021-07-29','2021-07-29 08:46:00','2021-07-29 18:03:00','2021-09-07 00:28:12','2021-09-07 00:28:12'),
	(934,6,'2021-07-30','2021-07-30 08:31:00','2021-07-30 18:39:00','2021-09-07 00:28:12','2021-09-07 00:28:12'),
	(935,6,'2021-08-02','2021-08-02 08:26:00','2021-08-02 18:19:00','2021-09-07 00:28:12','2021-09-07 00:28:12'),
	(936,6,'2021-08-03','2021-08-03 08:05:00','2021-08-03 18:31:00','2021-09-07 00:28:12','2021-09-07 00:28:12'),
	(937,6,'2021-08-04','2021-08-04 08:49:00','2021-08-04 18:51:00','2021-09-07 00:28:12','2021-09-07 00:28:12'),
	(938,6,'2021-08-05','2021-08-05 08:23:00','2021-08-05 18:48:00','2021-09-07 00:28:12','2021-09-07 00:28:12'),
	(939,6,'2021-08-06','2021-08-06 08:36:00','2021-08-06 18:16:00','2021-09-07 00:28:12','2021-09-07 00:28:12'),
	(940,6,'2021-08-09','2021-08-09 08:06:00','2021-08-09 18:36:00','2021-09-07 00:28:12','2021-09-07 00:28:12'),
	(941,6,'2021-08-10','2021-08-10 08:05:00','2021-08-10 18:26:00','2021-09-07 00:28:12','2021-09-07 00:28:12'),
	(942,6,'2021-08-11','2021-08-11 08:48:00','2021-08-11 18:40:00','2021-09-07 00:28:12','2021-09-07 00:28:12'),
	(943,6,'2021-08-12','2021-08-12 08:44:00','2021-08-12 18:18:00','2021-09-07 00:28:12','2021-09-07 00:28:12'),
	(944,6,'2021-08-13','2021-08-13 08:17:00','2021-08-13 18:43:00','2021-09-07 00:28:12','2021-09-07 00:28:12'),
	(945,6,'2021-08-16','2021-08-16 08:17:00','2021-08-16 18:26:00','2021-09-07 00:28:12','2021-09-07 00:28:12'),
	(946,6,'2021-08-17','2021-08-17 08:37:00','2021-08-17 18:19:00','2021-09-07 00:28:12','2021-09-07 00:28:12'),
	(947,6,'2021-08-18','2021-08-18 08:15:00','2021-08-18 18:35:00','2021-09-07 00:28:12','2021-09-07 00:28:12'),
	(948,6,'2021-08-19','2021-08-19 08:42:00','2021-08-19 18:19:00','2021-09-07 00:28:12','2021-09-07 00:28:12'),
	(949,6,'2021-08-20','2021-08-20 08:46:00','2021-08-20 18:49:00','2021-09-07 00:28:12','2021-09-07 00:28:12'),
	(950,6,'2021-08-23','2021-08-23 08:09:00','2021-08-23 18:29:00','2021-09-07 00:28:12','2021-09-07 00:28:12'),
	(951,6,'2021-08-24','2021-08-24 08:54:00','2021-08-24 18:28:00','2021-09-07 00:28:12','2021-09-07 00:28:12'),
	(952,6,'2021-08-25','2021-08-25 08:14:00','2021-08-25 18:05:00','2021-09-07 00:28:12','2021-09-07 00:28:12'),
	(953,6,'2021-08-26','2021-08-26 08:53:00','2021-08-26 18:21:00','2021-09-07 00:28:12','2021-09-07 00:28:12'),
	(954,6,'2021-08-27','2021-08-27 08:46:00','2021-08-27 18:13:00','2021-09-07 00:28:12','2021-09-07 00:28:12'),
	(955,6,'2021-08-30','2021-08-30 08:25:00','2021-08-30 18:17:00','2021-09-07 00:28:12','2021-09-07 00:28:12'),
	(956,6,'2021-08-31','2021-08-31 08:28:00','2021-08-31 18:41:00','2021-09-07 00:28:12','2021-09-07 00:28:12'),
	(957,6,'2021-09-01','2021-09-01 08:52:00','2021-09-01 18:12:00','2021-09-07 00:28:12','2021-09-07 00:28:12'),
	(958,6,'2021-09-02','2021-09-02 08:27:00','2021-09-02 18:07:00','2021-09-07 00:28:12','2021-09-07 00:28:12'),
	(959,6,'2021-09-03','2021-09-03 08:49:00','2021-09-03 18:53:00','2021-09-07 00:28:12','2021-09-07 00:28:12'),
	(960,6,'2021-09-06','2021-09-06 08:33:00','2021-09-06 18:51:00','2021-09-07 00:28:12','2021-09-07 00:28:12'),
	(961,6,'2021-09-07','2021-09-07 08:55:00','2021-09-07 18:28:00','2021-09-07 00:28:12','2021-09-07 00:28:12'),
	(962,6,'2021-09-08','2021-09-08 08:26:00','2021-09-08 18:08:00','2021-09-07 00:28:12','2021-09-07 00:28:12'),
	(963,6,'2021-09-09','2021-09-09 08:29:00','2021-09-09 18:42:00','2021-09-07 00:28:12','2021-09-07 00:28:12'),
	(964,6,'2021-09-10','2021-09-10 08:56:00','2021-09-10 18:39:00','2021-09-07 00:28:12','2021-09-07 00:28:12'),
	(965,6,'2021-09-13','2021-09-13 08:53:00','2021-09-13 18:18:00','2021-09-07 00:28:12','2021-09-07 00:28:12'),
	(966,6,'2021-09-14','2021-09-14 08:05:00','2021-09-14 18:28:00','2021-09-07 00:28:12','2021-09-07 00:28:12'),
	(967,6,'2021-09-15','2021-09-15 08:05:00','2021-09-15 18:22:00','2021-09-07 00:28:12','2021-09-07 00:28:12'),
	(968,6,'2021-09-16','2021-09-16 08:34:00','2021-09-16 18:26:00','2021-09-07 00:28:12','2021-09-07 00:28:12'),
	(969,6,'2021-09-17','2021-09-17 08:11:00','2021-09-17 18:44:00','2021-09-07 00:28:12','2021-09-07 00:28:12'),
	(970,6,'2021-09-20','2021-09-20 08:44:00','2021-09-20 18:37:00','2021-09-07 00:28:12','2021-09-07 00:28:12'),
	(971,6,'2021-09-21','2021-09-21 08:42:00','2021-09-21 18:08:00','2021-09-07 00:28:12','2021-09-07 00:28:12'),
	(972,6,'2021-09-22','2021-09-22 08:08:00','2021-09-22 18:19:00','2021-09-07 00:28:12','2021-09-07 00:28:12'),
	(973,6,'2021-09-23','2021-09-23 08:12:00','2021-09-23 18:24:00','2021-09-07 00:28:12','2021-09-07 00:28:12'),
	(974,6,'2021-09-24','2021-09-24 08:40:00','2021-09-24 18:37:00','2021-09-07 00:28:12','2021-09-07 00:28:12'),
	(975,6,'2021-09-27','2021-09-27 08:58:00','2021-09-27 18:20:00','2021-09-07 00:28:12','2021-09-07 00:28:12'),
	(976,6,'2021-09-28','2021-09-28 08:59:00','2021-09-28 18:47:00','2021-09-07 00:28:12','2021-09-07 00:28:12'),
	(977,6,'2021-09-29','2021-09-29 08:42:00','2021-09-29 18:09:00','2021-09-07 00:28:12','2021-09-07 00:28:12'),
	(978,6,'2021-09-30','2021-09-30 08:38:00','2021-09-30 18:28:00','2021-09-07 00:28:12','2021-09-07 00:28:12'),
	(979,6,'2021-10-01','2021-10-01 08:29:00','2021-10-01 18:51:00','2021-09-07 00:28:12','2021-09-07 00:28:12'),
	(980,6,'2021-10-04','2021-10-04 08:58:00','2021-10-04 18:36:00','2021-09-07 00:28:12','2021-09-07 00:28:12'),
	(981,6,'2021-10-05','2021-10-05 08:36:00','2021-10-05 18:04:00','2021-09-07 00:28:12','2021-09-07 00:28:12'),
	(982,6,'2021-10-06','2021-10-06 08:38:00','2021-10-06 18:35:00','2021-09-07 00:28:12','2021-09-07 00:28:12'),
	(983,6,'2021-10-07','2021-10-07 08:10:00','2021-10-07 18:55:00','2021-09-07 00:28:12','2021-09-07 00:28:12'),
	(984,6,'2021-10-08','2021-10-08 08:30:00','2021-10-08 18:24:00','2021-09-07 00:28:12','2021-09-07 00:28:12'),
	(985,6,'2021-10-11','2021-10-11 08:51:00','2021-10-11 18:04:00','2021-09-07 00:28:12','2021-09-07 00:28:12'),
	(986,6,'2021-10-12','2021-10-12 08:58:00','2021-10-12 18:49:00','2021-09-07 00:28:12','2021-09-07 00:28:12'),
	(987,6,'2021-10-13','2021-10-13 08:14:00','2021-10-13 18:16:00','2021-09-07 00:28:12','2021-09-07 00:28:12'),
	(988,6,'2021-10-14','2021-10-14 08:09:00','2021-10-14 18:06:00','2021-09-07 00:28:12','2021-09-07 00:28:12'),
	(989,6,'2021-10-15','2021-10-15 08:30:00','2021-10-15 18:01:00','2021-09-07 00:28:12','2021-09-07 00:28:12'),
	(990,6,'2021-10-18','2021-10-18 08:35:00','2021-10-18 18:27:00','2021-09-07 00:28:12','2021-09-07 00:28:12'),
	(991,6,'2021-10-19','2021-10-19 08:33:00','2021-10-19 18:02:00','2021-09-07 00:28:12','2021-09-07 00:28:12'),
	(992,6,'2021-10-20','2021-10-20 08:09:00','2021-10-20 18:04:00','2021-09-07 00:28:12','2021-09-07 00:28:12'),
	(993,6,'2021-10-21','2021-10-21 08:31:00','2021-10-21 18:05:00','2021-09-07 00:28:12','2021-09-07 00:28:12'),
	(994,6,'2021-10-22','2021-10-22 08:14:00','2021-10-22 18:01:00','2021-09-07 00:28:12','2021-09-07 00:28:12'),
	(995,6,'2021-10-25','2021-10-25 08:17:00','2021-10-25 18:32:00','2021-09-07 00:28:12','2021-09-07 00:28:12'),
	(996,6,'2021-10-26','2021-10-26 08:07:00','2021-10-26 18:23:00','2021-09-07 00:28:12','2021-09-07 00:28:12'),
	(997,6,'2021-10-27','2021-10-27 08:52:00','2021-10-27 18:33:00','2021-09-07 00:28:12','2021-09-07 00:28:12'),
	(998,6,'2021-10-28','2021-10-28 08:28:00','2021-10-28 18:39:00','2021-09-07 00:28:12','2021-09-07 00:28:12'),
	(999,6,'2021-10-29','2021-10-29 08:11:00','2021-10-29 18:35:00','2021-09-07 00:28:12','2021-09-07 00:28:12'),
	(1000,6,'2021-11-01','2021-11-01 08:05:00','2021-11-01 18:06:00','2021-09-07 00:28:12','2021-09-07 00:28:12'),
	(1001,6,'2021-11-02','2021-11-02 08:55:00','2021-11-02 18:19:00','2021-09-07 00:28:12','2021-09-07 00:28:12'),
	(1002,6,'2021-11-03','2021-11-03 08:17:00','2021-11-03 18:50:00','2021-09-07 00:28:12','2021-09-07 00:28:12'),
	(1003,6,'2021-11-04','2021-11-04 08:08:00','2021-11-04 18:38:00','2021-09-07 00:28:12','2021-09-07 00:28:12'),
	(1004,6,'2021-11-05','2021-11-05 08:48:00','2021-11-05 18:47:00','2021-09-07 00:28:12','2021-09-07 00:28:12'),
	(1005,6,'2021-11-08','2021-11-08 08:53:00','2021-11-08 18:14:00','2021-09-07 00:28:12','2021-09-07 00:28:12'),
	(1006,6,'2021-11-09','2021-11-09 08:43:00','2021-11-09 18:17:00','2021-09-07 00:28:12','2021-09-07 00:28:12'),
	(1007,6,'2021-11-10','2021-11-10 08:21:00','2021-11-10 18:19:00','2021-09-07 00:28:12','2021-09-07 00:28:12'),
	(1008,6,'2021-11-11','2021-11-11 08:12:00','2021-11-11 18:43:00','2021-09-07 00:28:12','2021-09-07 00:28:12'),
	(1009,6,'2021-11-12','2021-11-12 08:15:00','2021-11-12 18:04:00','2021-09-07 00:28:12','2021-09-07 00:28:12'),
	(1010,6,'2021-11-15','2021-11-15 08:34:00','2021-11-15 18:02:00','2021-09-07 00:28:12','2021-09-07 00:28:12'),
	(1011,6,'2021-11-16','2021-11-16 08:50:00','2021-11-16 18:49:00','2021-09-07 00:28:12','2021-09-07 00:28:12'),
	(1012,6,'2021-11-17','2021-11-17 08:49:00','2021-11-17 18:28:00','2021-09-07 00:28:12','2021-09-07 00:28:12'),
	(1013,6,'2021-11-18','2021-11-18 08:42:00','2021-11-18 18:39:00','2021-09-07 00:28:12','2021-09-07 00:28:12'),
	(1014,6,'2021-11-19','2021-11-19 08:17:00','2021-11-19 18:46:00','2021-09-07 00:28:12','2021-09-07 00:28:12'),
	(1015,6,'2021-11-22','2021-11-22 08:37:00','2021-11-22 18:27:00','2021-09-07 00:28:12','2021-09-07 00:28:12'),
	(1016,6,'2021-11-23','2021-11-23 08:11:00','2021-11-23 18:37:00','2021-09-07 00:28:12','2021-09-07 00:28:12'),
	(1017,6,'2021-11-24','2021-11-24 08:16:00','2021-11-24 18:12:00','2021-09-07 00:28:12','2021-09-07 00:28:12'),
	(1018,6,'2021-11-25','2021-11-25 08:48:00','2021-11-25 18:05:00','2021-09-07 00:28:12','2021-09-07 00:28:12'),
	(1019,6,'2021-11-26','2021-11-26 08:58:00','2021-11-26 18:46:00','2021-09-07 00:28:12','2021-09-07 00:28:12'),
	(1020,6,'2021-11-29','2021-11-29 08:24:00','2021-11-29 18:34:00','2021-09-07 00:28:12','2021-09-07 00:28:12'),
	(1021,6,'2021-11-30','2021-11-30 08:54:00','2021-11-30 18:45:00','2021-09-07 00:28:12','2021-09-07 00:28:12'),
	(1022,6,'2021-12-01','2021-12-01 08:33:00','2021-12-01 18:25:00','2021-09-07 00:28:12','2021-09-07 00:28:12'),
	(1023,6,'2021-12-02','2021-12-02 08:51:00','2021-12-02 18:28:00','2021-09-07 00:28:12','2021-09-07 00:28:12'),
	(1024,6,'2021-12-03','2021-12-03 08:55:00','2021-12-03 18:23:00','2021-09-07 00:28:12','2021-09-07 00:28:12'),
	(1025,6,'2021-12-06','2021-12-06 08:36:00','2021-12-06 18:18:00','2021-09-07 00:28:12','2021-09-07 00:28:12'),
	(1026,6,'2021-12-07','2021-12-07 08:37:00','2021-12-07 18:52:00','2021-09-07 00:28:12','2021-09-07 00:28:12'),
	(1027,6,'2021-12-08','2021-12-08 08:34:00','2021-12-08 18:10:00','2021-09-07 00:28:12','2021-09-07 00:28:12'),
	(1028,6,'2021-12-09','2021-12-09 08:16:00','2021-12-09 18:33:00','2021-09-07 00:28:12','2021-09-07 00:28:12'),
	(1029,6,'2021-12-10','2021-12-10 08:25:00','2021-12-10 18:49:00','2021-09-07 00:28:12','2021-09-07 00:28:12'),
	(1030,6,'2021-12-13','2021-12-13 08:52:00','2021-12-13 18:35:00','2021-09-07 00:28:12','2021-09-07 00:28:12'),
	(1031,6,'2021-12-14','2021-12-14 08:46:00','2021-12-14 18:41:00','2021-09-07 00:28:12','2021-09-07 00:28:12'),
	(1032,6,'2021-12-15','2021-12-15 08:45:00','2021-12-15 18:09:00','2021-09-07 00:28:12','2021-09-07 00:28:12'),
	(1033,6,'2021-12-16','2021-12-16 08:55:00','2021-12-16 18:50:00','2021-09-07 00:28:12','2021-09-07 00:28:12'),
	(1034,6,'2021-12-17','2021-12-17 08:54:00','2021-12-17 18:04:00','2021-09-07 00:28:12','2021-09-07 00:28:12'),
	(1035,6,'2021-12-20','2021-12-20 08:34:00','2021-12-20 18:42:00','2021-09-07 00:28:12','2021-09-07 00:28:12'),
	(1036,6,'2021-12-21','2021-12-21 08:23:00','2021-12-21 18:31:00','2021-09-07 00:28:12','2021-09-07 00:28:12'),
	(1037,6,'2021-12-22','2021-12-22 08:56:00','2021-12-22 18:41:00','2021-09-07 00:28:12','2021-09-07 00:28:12'),
	(1038,6,'2021-12-23','2021-12-23 08:35:00','2021-12-23 18:44:00','2021-09-07 00:28:12','2021-09-07 00:28:12'),
	(1039,6,'2021-12-24','2021-12-24 08:37:00','2021-12-24 18:43:00','2021-09-07 00:28:12','2021-09-07 00:28:12'),
	(1040,6,'2021-12-27','2021-12-27 08:17:00','2021-12-27 18:37:00','2021-09-07 00:28:12','2021-09-07 00:28:12'),
	(1041,6,'2021-12-28','2021-12-28 08:33:00','2021-12-28 18:12:00','2021-09-07 00:28:12','2021-09-07 00:28:12'),
	(1042,6,'2021-12-29','2021-12-29 08:37:00','2021-12-29 18:51:00','2021-09-07 00:28:12','2021-09-07 00:28:12'),
	(1043,6,'2021-12-30','2021-12-30 08:13:00','2021-12-30 18:22:00','2021-09-07 00:28:12','2021-09-07 00:28:12'),
	(1044,6,'2021-12-31','2021-12-31 08:56:00','2021-12-31 18:39:00','2021-09-07 00:28:12','2021-09-07 00:28:12');

/*!40000 ALTER TABLE `checkin_checkouts` ENABLE KEYS */;
UNLOCK TABLES;


# Dump of table company_settings
# ------------------------------------------------------------

DROP TABLE IF EXISTS `company_settings`;

CREATE TABLE `company_settings` (
  `id` bigint unsigned NOT NULL AUTO_INCREMENT,
  `company_name` varchar(255) COLLATE utf8mb4_unicode_ci DEFAULT NULL,
  `company_email` varchar(255) COLLATE utf8mb4_unicode_ci DEFAULT NULL,
  `company_phone` varchar(255) COLLATE utf8mb4_unicode_ci DEFAULT NULL,
  `company_address` varchar(255) COLLATE utf8mb4_unicode_ci DEFAULT NULL,
  `office_start_time` varchar(255) COLLATE utf8mb4_unicode_ci DEFAULT NULL,
  `office_end_time` varchar(255) COLLATE utf8mb4_unicode_ci DEFAULT NULL,
  `break_start_time` varchar(255) COLLATE utf8mb4_unicode_ci DEFAULT NULL,
  `break_end_time` varchar(255) COLLATE utf8mb4_unicode_ci DEFAULT NULL,
  `created_at` timestamp NULL DEFAULT NULL,
  `updated_at` timestamp NULL DEFAULT NULL,
  PRIMARY KEY (`id`)
) ENGINE=InnoDB DEFAULT CHARSET=utf8mb4 COLLATE=utf8mb4_unicode_ci;

LOCK TABLES `company_settings` WRITE;
/*!40000 ALTER TABLE `company_settings` DISABLE KEYS */;

INSERT INTO `company_settings` (`id`, `company_name`, `company_email`, `company_phone`, `company_address`, `office_start_time`, `office_end_time`, `break_start_time`, `break_end_time`, `created_at`, `updated_at`)
VALUES
	(1,'Ninja Company','ninja@gmail.com','09977292898','No(123), 4 th Floor, Ninja Condo, Hlaing Tsp, Yangon.','09:00:00','18:00:00','12:00:00','13:00:00','2021-09-02 18:35:46','2021-09-02 19:11:41');

/*!40000 ALTER TABLE `company_settings` ENABLE KEYS */;
UNLOCK TABLES;


# Dump of table departments
# ------------------------------------------------------------

DROP TABLE IF EXISTS `departments`;

CREATE TABLE `departments` (
  `id` bigint unsigned NOT NULL AUTO_INCREMENT,
  `title` varchar(255) COLLATE utf8mb4_unicode_ci NOT NULL,
  `created_at` timestamp NULL DEFAULT NULL,
  `updated_at` timestamp NULL DEFAULT NULL,
  PRIMARY KEY (`id`)
) ENGINE=InnoDB DEFAULT CHARSET=utf8mb4 COLLATE=utf8mb4_unicode_ci;

LOCK TABLES `departments` WRITE;
/*!40000 ALTER TABLE `departments` DISABLE KEYS */;

INSERT INTO `departments` (`id`, `title`, `created_at`, `updated_at`)
VALUES
	(1,'Web Design Department',NULL,NULL),
	(2,'Web Development Department','2021-08-31 16:58:28','2021-08-31 16:58:28');

/*!40000 ALTER TABLE `departments` ENABLE KEYS */;
UNLOCK TABLES;


# Dump of table failed_jobs
# ------------------------------------------------------------

DROP TABLE IF EXISTS `failed_jobs`;

CREATE TABLE `failed_jobs` (
  `id` bigint unsigned NOT NULL AUTO_INCREMENT,
  `connection` text COLLATE utf8mb4_unicode_ci NOT NULL,
  `queue` text COLLATE utf8mb4_unicode_ci NOT NULL,
  `payload` longtext COLLATE utf8mb4_unicode_ci NOT NULL,
  `exception` longtext COLLATE utf8mb4_unicode_ci NOT NULL,
  `failed_at` timestamp NOT NULL DEFAULT CURRENT_TIMESTAMP,
  PRIMARY KEY (`id`)
) ENGINE=InnoDB DEFAULT CHARSET=utf8mb4 COLLATE=utf8mb4_unicode_ci;



# Dump of table migrations
# ------------------------------------------------------------

DROP TABLE IF EXISTS `migrations`;

CREATE TABLE `migrations` (
  `id` int unsigned NOT NULL AUTO_INCREMENT,
  `migration` varchar(255) COLLATE utf8mb4_unicode_ci NOT NULL,
  `batch` int NOT NULL,
  PRIMARY KEY (`id`)
) ENGINE=InnoDB DEFAULT CHARSET=utf8mb4 COLLATE=utf8mb4_unicode_ci;

LOCK TABLES `migrations` WRITE;
/*!40000 ALTER TABLE `migrations` DISABLE KEYS */;

INSERT INTO `migrations` (`id`, `migration`, `batch`)
VALUES
	(1,'2014_10_12_000000_create_users_table',1),
	(2,'2014_10_12_100000_create_password_resets_table',1),
	(3,'2019_08_19_000000_create_failed_jobs_table',1),
	(4,'2021_08_22_144431_add_extra_col_to_users_table',2),
	(5,'2021_08_22_145228_create_departments_table',3),
	(6,'2021_08_29_114542_add_profile_img_col_to_users_table',4),
	(7,'2021_08_31_171540_create_permission_tables',5),
	(8,'2021_09_02_182730_create_company_settings_table',6),
	(10,'2021_09_04_153150_create_web_authn_tables',7),
	(13,'2021_09_04_222620_add_pin_code_col_to_users_table',8),
	(14,'2021_09_05_064747_create_checkin_checkouts_table',8),
	(15,'2021_09_05_142642_add_date_col_to_checkin_checkouts_table',9),
	(16,'2021_09_07_003943_create_salaries_table',10),
	(17,'2021_09_11_223502_create_projects_table',11),
	(20,'2021_09_11_224009_create_project_members_table',12),
	(21,'2021_09_11_224200_create_project_leaders_table',12),
	(22,'2021_09_12_151743_create_tasks_table',13),
	(23,'2021_09_12_152125_create_task_members_table',13),
	(24,'2021_09_12_210538_add_serial_number_col_to_tasks_table',14);

/*!40000 ALTER TABLE `migrations` ENABLE KEYS */;
UNLOCK TABLES;


# Dump of table model_has_permissions
# ------------------------------------------------------------

DROP TABLE IF EXISTS `model_has_permissions`;

CREATE TABLE `model_has_permissions` (
  `permission_id` bigint unsigned NOT NULL,
  `model_type` varchar(255) COLLATE utf8mb4_unicode_ci NOT NULL,
  `model_id` bigint unsigned NOT NULL,
  PRIMARY KEY (`permission_id`,`model_id`,`model_type`),
  KEY `model_has_permissions_model_id_model_type_index` (`model_id`,`model_type`),
  CONSTRAINT `model_has_permissions_permission_id_foreign` FOREIGN KEY (`permission_id`) REFERENCES `permissions` (`id`) ON DELETE CASCADE
) ENGINE=InnoDB DEFAULT CHARSET=utf8mb4 COLLATE=utf8mb4_unicode_ci;



# Dump of table model_has_roles
# ------------------------------------------------------------

DROP TABLE IF EXISTS `model_has_roles`;

CREATE TABLE `model_has_roles` (
  `role_id` bigint unsigned NOT NULL,
  `model_type` varchar(255) COLLATE utf8mb4_unicode_ci NOT NULL,
  `model_id` bigint unsigned NOT NULL,
  PRIMARY KEY (`role_id`,`model_id`,`model_type`),
  KEY `model_has_roles_model_id_model_type_index` (`model_id`,`model_type`),
  CONSTRAINT `model_has_roles_role_id_foreign` FOREIGN KEY (`role_id`) REFERENCES `roles` (`id`) ON DELETE CASCADE
) ENGINE=InnoDB DEFAULT CHARSET=utf8mb4 COLLATE=utf8mb4_unicode_ci;

LOCK TABLES `model_has_roles` WRITE;
/*!40000 ALTER TABLE `model_has_roles` DISABLE KEYS */;

INSERT INTO `model_has_roles` (`role_id`, `model_type`, `model_id`)
VALUES
	(1,'App\\User',2),
	(3,'App\\User',5),
	(4,'App\\User',6);

/*!40000 ALTER TABLE `model_has_roles` ENABLE KEYS */;
UNLOCK TABLES;


# Dump of table password_resets
# ------------------------------------------------------------

DROP TABLE IF EXISTS `password_resets`;

CREATE TABLE `password_resets` (
  `email` varchar(255) COLLATE utf8mb4_unicode_ci NOT NULL,
  `token` varchar(255) COLLATE utf8mb4_unicode_ci NOT NULL,
  `created_at` timestamp NULL DEFAULT NULL,
  KEY `password_resets_email_index` (`email`)
) ENGINE=InnoDB DEFAULT CHARSET=utf8mb4 COLLATE=utf8mb4_unicode_ci;



# Dump of table permissions
# ------------------------------------------------------------

DROP TABLE IF EXISTS `permissions`;

CREATE TABLE `permissions` (
  `id` bigint unsigned NOT NULL AUTO_INCREMENT,
  `name` varchar(255) COLLATE utf8mb4_unicode_ci NOT NULL,
  `guard_name` varchar(255) COLLATE utf8mb4_unicode_ci NOT NULL,
  `created_at` timestamp NULL DEFAULT NULL,
  `updated_at` timestamp NULL DEFAULT NULL,
  PRIMARY KEY (`id`),
  UNIQUE KEY `permissions_name_guard_name_unique` (`name`,`guard_name`)
) ENGINE=InnoDB DEFAULT CHARSET=utf8mb4 COLLATE=utf8mb4_unicode_ci;

LOCK TABLES `permissions` WRITE;
/*!40000 ALTER TABLE `permissions` DISABLE KEYS */;

INSERT INTO `permissions` (`id`, `name`, `guard_name`, `created_at`, `updated_at`)
VALUES
	(1,'view_profile','web','2021-08-31 17:49:38','2021-08-31 17:49:38'),
	(3,'edit_profile','web','2021-08-31 17:50:22','2021-08-31 17:50:22'),
	(4,'view_employee','web','2021-09-01 15:59:50','2021-09-01 15:59:50'),
	(5,'create_employee','web','2021-09-01 16:00:17','2021-09-01 16:00:17'),
	(6,'edit_employee','web','2021-09-01 16:00:25','2021-09-01 16:00:25'),
	(7,'delete_employee','web','2021-09-01 16:00:33','2021-09-01 16:00:33'),
	(8,'view_role','web','2021-09-01 16:00:56','2021-09-01 16:00:56'),
	(9,'create_role','web','2021-09-01 16:01:03','2021-09-01 16:01:03'),
	(10,'edit_role','web','2021-09-01 16:01:09','2021-09-01 16:01:09'),
	(11,'delete_role','web','2021-09-01 16:01:25','2021-09-01 16:01:25'),
	(12,'view_permission','web','2021-09-01 16:01:36','2021-09-01 16:01:36'),
	(13,'create_permission','web','2021-09-01 16:01:43','2021-09-01 16:01:43'),
	(14,'edit_permission','web','2021-09-01 16:01:50','2021-09-01 16:01:50'),
	(15,'delete_permission','web','2021-09-01 16:01:58','2021-09-01 16:01:58'),
	(16,'view_department','web','2021-09-01 16:03:20','2021-09-01 16:03:20'),
	(17,'create_department','web','2021-09-01 16:03:27','2021-09-01 16:03:27'),
	(18,'edit_department','web','2021-09-01 16:03:39','2021-09-01 16:03:39'),
	(19,'delete_department','web','2021-09-01 16:03:49','2021-09-01 16:03:49'),
	(20,'view_company_setting','web','2021-09-02 18:40:14','2021-09-02 18:40:14'),
	(21,'edit_company_setting','web','2021-09-02 18:40:23','2021-09-02 18:40:23'),
	(22,'view_attendance','web','2021-09-05 20:20:43','2021-09-05 20:20:43'),
	(23,'create_attendance','web','2021-09-05 20:21:04','2021-09-05 20:21:23'),
	(24,'edit_attendance','web','2021-09-05 20:21:40','2021-09-05 20:21:40'),
	(25,'delete_attendance','web','2021-09-05 20:21:50','2021-09-05 20:21:50'),
	(26,'view_attendance_overview','web','2021-09-06 01:49:04','2021-09-06 01:49:04'),
	(27,'view_salary','web','2021-09-07 00:51:25','2021-09-07 00:51:25'),
	(28,'create_salary','web','2021-09-07 00:51:34','2021-09-07 00:51:34'),
	(29,'edit_salary','web','2021-09-07 00:51:46','2021-09-07 00:51:46'),
	(30,'delete_salary','web','2021-09-07 00:51:54','2021-09-07 00:51:54'),
	(31,'view_payroll','web','2021-09-07 01:35:31','2021-09-07 01:35:31'),
	(32,'view_project','web','2021-09-11 22:45:22','2021-09-11 22:45:22'),
	(33,'create_project','web','2021-09-11 22:45:31','2021-09-11 22:49:18'),
	(34,'edit_project','web','2021-09-11 22:45:38','2021-09-11 22:45:38'),
	(35,'delete_project','web','2021-09-11 22:45:51','2021-09-11 22:45:51');

/*!40000 ALTER TABLE `permissions` ENABLE KEYS */;
UNLOCK TABLES;


# Dump of table project_leaders
# ------------------------------------------------------------

DROP TABLE IF EXISTS `project_leaders`;

CREATE TABLE `project_leaders` (
  `id` bigint unsigned NOT NULL AUTO_INCREMENT,
  `project_id` bigint NOT NULL,
  `user_id` bigint NOT NULL,
  `created_at` timestamp NULL DEFAULT NULL,
  `updated_at` timestamp NULL DEFAULT NULL,
  PRIMARY KEY (`id`)
) ENGINE=InnoDB DEFAULT CHARSET=utf8mb4 COLLATE=utf8mb4_unicode_ci;

LOCK TABLES `project_leaders` WRITE;
/*!40000 ALTER TABLE `project_leaders` DISABLE KEYS */;

INSERT INTO `project_leaders` (`id`, `project_id`, `user_id`, `created_at`, `updated_at`)
VALUES
	(1,2,2,'2021-09-12 01:11:38','2021-09-12 01:11:38'),
	(2,2,4,'2021-09-12 01:11:38','2021-09-12 01:11:38'),
	(4,3,4,'2021-09-12 03:08:54','2021-09-12 03:08:54'),
	(5,1,4,'2021-09-12 03:09:11','2021-09-12 03:09:11'),
	(6,4,5,'2021-09-12 03:09:26','2021-09-12 03:09:26');

/*!40000 ALTER TABLE `project_leaders` ENABLE KEYS */;
UNLOCK TABLES;


# Dump of table project_members
# ------------------------------------------------------------

DROP TABLE IF EXISTS `project_members`;

CREATE TABLE `project_members` (
  `id` bigint unsigned NOT NULL AUTO_INCREMENT,
  `project_id` bigint NOT NULL,
  `user_id` bigint NOT NULL,
  `created_at` timestamp NULL DEFAULT NULL,
  `updated_at` timestamp NULL DEFAULT NULL,
  PRIMARY KEY (`id`)
) ENGINE=InnoDB DEFAULT CHARSET=utf8mb4 COLLATE=utf8mb4_unicode_ci;

LOCK TABLES `project_members` WRITE;
/*!40000 ALTER TABLE `project_members` DISABLE KEYS */;

INSERT INTO `project_members` (`id`, `project_id`, `user_id`, `created_at`, `updated_at`)
VALUES
	(1,2,5,'2021-09-12 01:11:38','2021-09-12 01:11:38'),
	(2,2,6,'2021-09-12 01:11:38','2021-09-12 01:11:38'),
	(3,1,2,'2021-09-12 02:00:52','2021-09-12 02:00:52'),
	(5,1,5,'2021-09-12 02:00:52','2021-09-12 02:00:52'),
	(6,1,6,'2021-09-12 02:00:52','2021-09-12 02:00:52'),
	(7,3,5,'2021-09-12 03:08:54','2021-09-12 03:08:54'),
	(8,3,6,'2021-09-12 03:08:54','2021-09-12 03:08:54'),
	(9,4,4,'2021-09-12 03:09:26','2021-09-12 03:09:26'),
	(10,4,6,'2021-09-12 03:09:26','2021-09-12 03:09:26');

/*!40000 ALTER TABLE `project_members` ENABLE KEYS */;
UNLOCK TABLES;


# Dump of table projects
# ------------------------------------------------------------

DROP TABLE IF EXISTS `projects`;

CREATE TABLE `projects` (
  `id` bigint unsigned NOT NULL AUTO_INCREMENT,
  `title` varchar(255) COLLATE utf8mb4_unicode_ci NOT NULL,
  `description` text COLLATE utf8mb4_unicode_ci,
  `images` text COLLATE utf8mb4_unicode_ci,
  `files` text COLLATE utf8mb4_unicode_ci,
  `start_date` date DEFAULT NULL,
  `deadline` date DEFAULT NULL,
  `priority` enum('high','middle','low') COLLATE utf8mb4_unicode_ci NOT NULL,
  `status` enum('pending','in_progress','complete') COLLATE utf8mb4_unicode_ci NOT NULL,
  `created_at` timestamp NULL DEFAULT NULL,
  `updated_at` timestamp NULL DEFAULT NULL,
  PRIMARY KEY (`id`)
) ENGINE=InnoDB DEFAULT CHARSET=utf8mb4 COLLATE=utf8mb4_unicode_ci;

LOCK TABLES `projects` WRITE;
/*!40000 ALTER TABLE `projects` DISABLE KEYS */;

INSERT INTO `projects` (`id`, `title`, `description`, `images`, `files`, `start_date`, `deadline`, `priority`, `status`, `created_at`, `updated_at`)
VALUES
	(1,'Hello','To get the HTML file input form element to only accept PDFs, you can use the accept attribute in modern browsers such as Firefox 9+, Chrome 16+, Opera 11+ and IE10+ like such:\r\n\r\nTo get the HTML file input form element to only accept PDFs, you can use the accept attribute in modern browsers such as Firefox 9+, Chrome 16+, Opera 11+ and IE10+ like such:\r\n\r\nTo get the HTML file input form element to only accept PDFs, you can use the accept attribute in modern browsers such as Firefox 9+, Chrome 16+, Opera 11+ and IE10+ like such:To get the HTML file input form element to only accept PDFs, you can use the accept attribute in modern browsers such as Firefox 9+, Chrome 16+, Opera 11+ and IE10+ like such:','[\"613cf40e800de_1631384590.jpg\",\"613cf40e83708_1631384590.jpeg\"]','[\"613cf40e83823_1631384590.pdf\",\"613cf40e83916_1631384590.pdf\",\"613cf40e83d2a_1631384590.pdf\"]','2021-09-12','2021-10-12','high','pending','2021-09-12 00:53:10','2021-09-12 00:53:10'),
	(2,'Hello world','Lorem Ipsum is simply dummy text of the printing and typesetting industry. Lorem Ipsum has been the industry\'s standard dummy text ever since the 1500s, when an unknown printer took a galley of type and scrambled it to make a type specimen book. It has survived not only five centuries, but also the leap into electronic typesetting, remaining essentially unchanged. It was popularised in the 1960s with the release of Letraset sheets containing Lorem Ipsum passages, and more recently with desktop publishing software like Aldus PageMaker including versions of Lorem Ipsum.','[\"613cf862d3d0b_1631385698.jpg\",\"613cf862db256_1631385698.jpeg\"]','[\"613cf862dbc85_1631385698.pdf\"]','2021-09-12','2021-11-12','high','pending','2021-09-12 01:11:38','2021-09-12 01:58:42'),
	(3,'Hello world','Lorem Ipsum is simply dummy text of the printing and typesetting industry. Lorem Ipsum has been the industry\'s standard dummy text ever since the 1500s, when an unknown printer took a galley of type and scrambled it to make a type specimen book. It has survived not only five centuries, but also the leap into electronic typesetting, remaining essentially unchanged. It was popularised in the 1960s with the release of Letraset sheets containing Lorem Ipsum passages, and more recently with desktop publishing software like Aldus PageMaker including versions of Lorem Ipsum.','[\"613cf862d3d0b_1631385698.jpg\",\"613cf862db256_1631385698.jpeg\"]','[\"613cf862dbc85_1631385698.pdf\"]','2021-09-12','2021-11-12','high','pending','2021-09-12 01:11:38','2021-09-12 01:58:42'),
	(4,'Hello','To get the HTML file input form element to only accept PDFs, you can use the accept attribute in modern browsers such as Firefox 9+, Chrome 16+, Opera 11+ and IE10+ like such:\r\n\r\nTo get the HTML file input form element to only accept PDFs, you can use the accept attribute in modern browsers such as Firefox 9+, Chrome 16+, Opera 11+ and IE10+ like such:\r\n\r\nTo get the HTML file input form element to only accept PDFs, you can use the accept attribute in modern browsers such as Firefox 9+, Chrome 16+, Opera 11+ and IE10+ like such:To get the HTML file input form element to only accept PDFs, you can use the accept attribute in modern browsers such as Firefox 9+, Chrome 16+, Opera 11+ and IE10+ like such:','[\"613cf40e800de_1631384590.jpg\",\"613cf40e83708_1631384590.jpeg\"]','[\"613cf40e83823_1631384590.pdf\",\"613cf40e83916_1631384590.pdf\",\"613cf40e83d2a_1631384590.pdf\"]','2021-09-12','2021-10-12','high','pending','2021-09-12 00:53:10','2021-09-12 00:53:10');

/*!40000 ALTER TABLE `projects` ENABLE KEYS */;
UNLOCK TABLES;


# Dump of table role_has_permissions
# ------------------------------------------------------------

DROP TABLE IF EXISTS `role_has_permissions`;

CREATE TABLE `role_has_permissions` (
  `permission_id` bigint unsigned NOT NULL,
  `role_id` bigint unsigned NOT NULL,
  PRIMARY KEY (`permission_id`,`role_id`),
  KEY `role_has_permissions_role_id_foreign` (`role_id`),
  CONSTRAINT `role_has_permissions_permission_id_foreign` FOREIGN KEY (`permission_id`) REFERENCES `permissions` (`id`) ON DELETE CASCADE,
  CONSTRAINT `role_has_permissions_role_id_foreign` FOREIGN KEY (`role_id`) REFERENCES `roles` (`id`) ON DELETE CASCADE
) ENGINE=InnoDB DEFAULT CHARSET=utf8mb4 COLLATE=utf8mb4_unicode_ci;

LOCK TABLES `role_has_permissions` WRITE;
/*!40000 ALTER TABLE `role_has_permissions` DISABLE KEYS */;

INSERT INTO `role_has_permissions` (`permission_id`, `role_id`)
VALUES
	(1,1),
	(3,1),
	(4,1),
	(5,1),
	(6,1),
	(7,1),
	(8,1),
	(9,1),
	(10,1),
	(11,1),
	(12,1),
	(13,1),
	(14,1),
	(15,1),
	(16,1),
	(17,1),
	(18,1),
	(19,1),
	(20,1),
	(21,1),
	(22,1),
	(23,1),
	(24,1),
	(25,1),
	(26,1),
	(27,1),
	(28,1),
	(29,1),
	(30,1),
	(31,1),
	(32,1),
	(33,1),
	(34,1),
	(35,1),
	(1,3),
	(3,3),
	(1,4),
	(3,4),
	(16,4);

/*!40000 ALTER TABLE `role_has_permissions` ENABLE KEYS */;
UNLOCK TABLES;


# Dump of table roles
# ------------------------------------------------------------

DROP TABLE IF EXISTS `roles`;

CREATE TABLE `roles` (
  `id` bigint unsigned NOT NULL AUTO_INCREMENT,
  `name` varchar(255) COLLATE utf8mb4_unicode_ci NOT NULL,
  `guard_name` varchar(255) COLLATE utf8mb4_unicode_ci NOT NULL,
  `created_at` timestamp NULL DEFAULT NULL,
  `updated_at` timestamp NULL DEFAULT NULL,
  PRIMARY KEY (`id`),
  UNIQUE KEY `roles_name_guard_name_unique` (`name`,`guard_name`)
) ENGINE=InnoDB DEFAULT CHARSET=utf8mb4 COLLATE=utf8mb4_unicode_ci;

LOCK TABLES `roles` WRITE;
/*!40000 ALTER TABLE `roles` DISABLE KEYS */;

INSERT INTO `roles` (`id`, `name`, `guard_name`, `created_at`, `updated_at`)
VALUES
	(1,'HR','web','2021-08-31 17:29:57','2021-08-31 17:29:57'),
	(3,'Digital Marketing','web','2021-08-31 17:30:19','2021-08-31 17:32:16'),
	(4,'Senior Web Developer','web','2021-09-01 16:15:51','2021-09-01 17:52:29');

/*!40000 ALTER TABLE `roles` ENABLE KEYS */;
UNLOCK TABLES;


# Dump of table salaries
# ------------------------------------------------------------

DROP TABLE IF EXISTS `salaries`;

CREATE TABLE `salaries` (
  `id` bigint unsigned NOT NULL AUTO_INCREMENT,
  `user_id` bigint NOT NULL,
  `month` varchar(255) COLLATE utf8mb4_unicode_ci NOT NULL,
  `year` varchar(255) COLLATE utf8mb4_unicode_ci NOT NULL,
  `amount` int NOT NULL DEFAULT '0',
  `created_at` timestamp NULL DEFAULT NULL,
  `updated_at` timestamp NULL DEFAULT NULL,
  PRIMARY KEY (`id`)
) ENGINE=InnoDB DEFAULT CHARSET=utf8mb4 COLLATE=utf8mb4_unicode_ci;

LOCK TABLES `salaries` WRITE;
/*!40000 ALTER TABLE `salaries` DISABLE KEYS */;

INSERT INTO `salaries` (`id`, `user_id`, `month`, `year`, `amount`, `created_at`, `updated_at`)
VALUES
	(1,2,'09','2021',500000,'2021-09-07 01:09:25','2021-09-11 16:36:08'),
	(2,4,'09','2021',600000,'2021-09-07 01:13:03','2021-09-11 16:38:48'),
	(3,5,'09','2021',900000,'2021-09-11 16:36:45','2021-09-11 16:36:45'),
	(4,6,'09','2021',800000,'2021-09-11 16:37:04','2021-09-11 16:38:57');

/*!40000 ALTER TABLE `salaries` ENABLE KEYS */;
UNLOCK TABLES;


# Dump of table task_members
# ------------------------------------------------------------

DROP TABLE IF EXISTS `task_members`;

CREATE TABLE `task_members` (
  `id` bigint unsigned NOT NULL AUTO_INCREMENT,
  `task_id` bigint NOT NULL,
  `user_id` bigint NOT NULL,
  `created_at` timestamp NULL DEFAULT NULL,
  `updated_at` timestamp NULL DEFAULT NULL,
  PRIMARY KEY (`id`)
) ENGINE=InnoDB DEFAULT CHARSET=utf8mb4 COLLATE=utf8mb4_unicode_ci;

LOCK TABLES `task_members` WRITE;
/*!40000 ALTER TABLE `task_members` DISABLE KEYS */;

INSERT INTO `task_members` (`id`, `task_id`, `user_id`, `created_at`, `updated_at`)
VALUES
	(3,2,5,NULL,NULL),
	(4,3,2,NULL,NULL),
	(5,4,5,NULL,NULL),
	(7,5,4,NULL,NULL),
	(8,6,5,NULL,NULL),
	(9,7,2,NULL,NULL),
	(10,7,4,NULL,NULL),
	(13,4,2,NULL,NULL),
	(14,6,2,NULL,NULL),
	(15,5,2,NULL,NULL),
	(16,8,4,NULL,NULL),
	(18,10,5,NULL,NULL);

/*!40000 ALTER TABLE `task_members` ENABLE KEYS */;
UNLOCK TABLES;


# Dump of table tasks
# ------------------------------------------------------------

DROP TABLE IF EXISTS `tasks`;

CREATE TABLE `tasks` (
  `id` bigint unsigned NOT NULL AUTO_INCREMENT,
  `serial_number` int NOT NULL DEFAULT '0',
  `project_id` bigint NOT NULL,
  `title` varchar(255) COLLATE utf8mb4_unicode_ci DEFAULT NULL,
  `description` text COLLATE utf8mb4_unicode_ci,
  `start_date` date DEFAULT NULL,
  `deadline` date DEFAULT NULL,
  `priority` enum('high','middle','low') COLLATE utf8mb4_unicode_ci NOT NULL,
  `status` enum('pending','in_progress','complete') COLLATE utf8mb4_unicode_ci NOT NULL,
  `created_at` timestamp NULL DEFAULT NULL,
  `updated_at` timestamp NULL DEFAULT NULL,
  PRIMARY KEY (`id`)
) ENGINE=InnoDB DEFAULT CHARSET=utf8mb4 COLLATE=utf8mb4_unicode_ci;

LOCK TABLES `tasks` WRITE;
/*!40000 ALTER TABLE `tasks` DISABLE KEYS */;

INSERT INTO `tasks` (`id`, `serial_number`, `project_id`, `title`, `description`, `start_date`, `deadline`, `priority`, `status`, `created_at`, `updated_at`)
VALUES
	(2,0,2,'UI ','Sortable is a JavaScript library for reorderable drag-and-drop lists.Sortable is a JavaScript library for reorderable drag-and-drop lists.Sortable is a JavaScript library for reorderable drag-and-drop lists.','2021-08-15','2021-11-26','middle','complete','2021-09-12 17:04:38','2021-09-16 00:03:44'),
	(3,0,2,'Add to cart Feature  ','Sortable is a JavaScript library for reorderable drag-and-drop lists.Sortable is a JavaScript library for reorderable drag-and-drop lists.Sortable is a JavaScript library for reorderable drag-and-drop lists.','2021-09-22','2021-11-26','high','pending','2021-09-12 17:04:38','2021-09-16 00:03:54'),
	(4,0,2,'Testing ','If set to true, the Fallback for non HTML5 Browser will be used, even if we are using an HTML5 Browser. This gives us the possibility to test the behaviour for older Browsers even in newer Browser, or make the Drag \'n Drop feel more consistent between Desktop , Mobile and old Browsers.','2021-07-04','2021-11-05','high','in_progress','2021-09-12 17:34:32','2021-09-16 00:04:03'),
	(5,1,2,'Product CRUD ','A message with custom width, padding, background and animated Nyan Cat','2021-09-04','2021-09-16','high','in_progress','2021-09-12 17:38:57','2021-09-16 00:03:37'),
	(6,2,2,'Contact us form ','A message with custom width, padding, background and animated Nyan CatA message with custom width, padding, background and animated Nyan Cat','2021-09-25','2021-11-18','middle','complete','2021-09-12 17:39:23','2021-09-16 00:03:44'),
	(7,1,2,'Promotion Slider ','A message with custom width, padding, background and animated Nyan CatA message with custom width, padding, background and animated Nyan CatA message with custom width, padding, background and animated Nyan Cat','2021-09-03','2021-09-25','high','complete','2021-09-12 17:41:15','2021-09-16 00:03:44'),
	(8,0,1,'Client   ','Client   ','2021-09-13','2021-09-13','middle','in_progress','2021-09-12 19:52:17','2021-09-12 19:52:17'),
	(10,0,4,'Task Testing 1','Lorem Ipsum is simply dummy text of the printing and typesetting industry. Lorem Ipsum has been the industry\'s standard dummy text ever since the 1500s, when an unknown printer took a galley of type and scrambled it to make a type specimen book. It has survived not only five centuries, but also the leap into electronic typesetting, remaining essentially unchanged. It was popularised in the 1960s with the release of Letraset sheets containing Lorem Ipsum passages, and more recently with desktop publishing software like Aldus PageMaker including versions of Lorem Ipsum.','2021-09-12','2021-09-12','middle','pending','2021-09-12 21:22:43','2021-09-12 21:22:43');

/*!40000 ALTER TABLE `tasks` ENABLE KEYS */;
UNLOCK TABLES;


# Dump of table users
# ------------------------------------------------------------

DROP TABLE IF EXISTS `users`;

CREATE TABLE `users` (
  `id` bigint unsigned NOT NULL AUTO_INCREMENT,
  `name` varchar(255) COLLATE utf8mb4_unicode_ci NOT NULL,
  `email` varchar(255) COLLATE utf8mb4_unicode_ci NOT NULL,
  `email_verified_at` timestamp NULL DEFAULT NULL,
  `password` varchar(255) COLLATE utf8mb4_unicode_ci NOT NULL,
  `remember_token` varchar(100) COLLATE utf8mb4_unicode_ci DEFAULT NULL,
  `created_at` timestamp NULL DEFAULT NULL,
  `updated_at` timestamp NULL DEFAULT NULL,
  `employee_id` varchar(255) COLLATE utf8mb4_unicode_ci DEFAULT NULL,
  `phone` varchar(255) COLLATE utf8mb4_unicode_ci DEFAULT NULL,
  `nrc_number` varchar(255) COLLATE utf8mb4_unicode_ci DEFAULT NULL,
  `birthday` date DEFAULT NULL,
  `gender` enum('male','female') COLLATE utf8mb4_unicode_ci DEFAULT NULL,
  `address` text COLLATE utf8mb4_unicode_ci,
  `department_id` bigint DEFAULT NULL,
  `date_of_join` date DEFAULT NULL,
  `is_present` tinyint(1) NOT NULL DEFAULT '1',
  `profile_img` varchar(255) COLLATE utf8mb4_unicode_ci DEFAULT NULL,
  `pin_code` varchar(255) COLLATE utf8mb4_unicode_ci NOT NULL,
  PRIMARY KEY (`id`),
  UNIQUE KEY `users_email_unique` (`email`),
  UNIQUE KEY `users_phone_unique` (`phone`)
) ENGINE=InnoDB DEFAULT CHARSET=utf8mb4 COLLATE=utf8mb4_unicode_ci;

LOCK TABLES `users` WRITE;
/*!40000 ALTER TABLE `users` DISABLE KEYS */;

INSERT INTO `users` (`id`, `name`, `email`, `email_verified_at`, `password`, `remember_token`, `created_at`, `updated_at`, `employee_id`, `phone`, `nrc_number`, `birthday`, `gender`, `address`, `department_id`, `date_of_join`, `is_present`, `profile_img`, `pin_code`)
VALUES
	(2,'Htet Lin Thu','htetlinthu@gmail.com',NULL,'$2y$10$lRhhX7yXZ6DMTCJe/ohtpeso3lb0KRI.SCmAdQfZKvfl/hVzaoCOO',NULL,'2021-08-22 18:59:05','2021-09-05 06:59:03','Ninja-001','09977292898','123123123','1997-08-04','male','Thamine 5 street, Mayangone Tsp, Yangon',1,'2021-08-01',1,'612bc568284db_1630258536.png','121212'),
	(4,'Aung Aung','aungaung@gmail.com',NULL,'$2y$10$bA3dNRa2JuiXgfactjeJ/OUtRL28.akq69ogON79nr9uKGNyqTeAG',NULL,'2021-08-29 12:07:50','2021-09-04 22:39:22','Ninja-002','09111111111','-','1991-08-06','male','Yangon',1,'2021-08-01',1,'612bc54977c59_1630258505.png','111111'),
	(5,'July','july@gmail.com',NULL,'$2y$10$ISVbFERvZdmnU10BTiPfOOCWUVEaTm/IoDyzjDtp0ck8NjT.sgyFy',NULL,'2021-09-01 17:07:36','2021-09-04 22:39:31','Ninja 003','09222222222','21212121','2021-09-01','male','Yangon',2,'2021-09-01',1,'612fb3580c1ef_1630516056.webp','222222'),
	(6,'Zaw Zaw','zawzaw@gmail.com',NULL,'$2y$10$HhuAK/EIWfARFiGKygsw0.TXQH72bNnP3JXjXAqQJE8hnta7iCTQG',NULL,'2021-09-01 17:10:16','2021-09-04 22:39:39','Ninja 004','09333333333','12312121','2021-09-01','male','Yangon',2,'2021-09-01',1,'612fb3f83b618_1630516216.jpeg','333333');

/*!40000 ALTER TABLE `users` ENABLE KEYS */;
UNLOCK TABLES;


# Dump of table web_authn_credentials
# ------------------------------------------------------------

DROP TABLE IF EXISTS `web_authn_credentials`;

CREATE TABLE `web_authn_credentials` (
  `id` varchar(255) COLLATE utf8mb4_unicode_ci NOT NULL,
  `user_id` bigint unsigned NOT NULL,
  `name` varchar(255) COLLATE utf8mb4_unicode_ci DEFAULT NULL,
  `type` varchar(16) COLLATE utf8mb4_unicode_ci NOT NULL,
  `transports` text COLLATE utf8mb4_unicode_ci NOT NULL,
  `attestation_type` text COLLATE utf8mb4_unicode_ci NOT NULL,
  `trust_path` text COLLATE utf8mb4_unicode_ci NOT NULL,
  `aaguid` char(36) COLLATE utf8mb4_unicode_ci NOT NULL,
  `public_key` blob NOT NULL,
  `counter` int unsigned NOT NULL DEFAULT '0',
  `user_handle` char(36) COLLATE utf8mb4_unicode_ci DEFAULT NULL,
  `created_at` timestamp NULL DEFAULT NULL,
  `updated_at` timestamp NULL DEFAULT NULL,
  `disabled_at` timestamp NULL DEFAULT NULL,
  PRIMARY KEY (`id`,`user_id`)
) ENGINE=InnoDB DEFAULT CHARSET=utf8mb4 COLLATE=utf8mb4_unicode_ci;

LOCK TABLES `web_authn_credentials` WRITE;
/*!40000 ALTER TABLE `web_authn_credentials` DISABLE KEYS */;

INSERT INTO `web_authn_credentials` (`id`, `user_id`, `name`, `type`, `transports`, `attestation_type`, `trust_path`, `aaguid`, `public_key`, `counter`, `user_handle`, `created_at`, `updated_at`, `disabled_at`)
VALUES
	('ARc7ABoG1osuKkqVP5O5-ktfUi-g8V126OxVhXAYquXO5lXOqpDG5DGWBr5083jZeCCN08BFlZ3dOPUrxv06q7or_3Bp0svvoobzQjD1Za_HWFJUNwkVr9KTi-fHun56Adsf9slg5w',2,NULL,'public-key','[]','none','{\"type\":\"Webauthn\\\\TrustPath\\\\EmptyTrustPath\"}','00000000-0000-0000-0000-000000000000',X'A5010203262001215820101EF4B0601377A54622F8DE738B0D0B0D8E545A8112CB48F664A8112573BC4222582059580DDB4C9E1A840E4015129E0E1AD0D08FDEC550BA8DDA1C28BDBABA00C19A',1631726914,'13d2a341-7bdc-4617-a906-837d473c416d','2021-09-12 23:41:00','2021-09-15 23:58:34',NULL);

/*!40000 ALTER TABLE `web_authn_credentials` ENABLE KEYS */;
UNLOCK TABLES;


# Dump of table web_authn_recoveries
# ------------------------------------------------------------

DROP TABLE IF EXISTS `web_authn_recoveries`;

CREATE TABLE `web_authn_recoveries` (
  `email` varchar(255) COLLATE utf8mb4_unicode_ci NOT NULL,
  `token` varchar(255) COLLATE utf8mb4_unicode_ci NOT NULL,
  `created_at` timestamp NULL DEFAULT NULL,
  KEY `web_authn_recoveries_email_index` (`email`)
) ENGINE=InnoDB DEFAULT CHARSET=utf8mb4 COLLATE=utf8mb4_unicode_ci;




/*!40111 SET SQL_NOTES=@OLD_SQL_NOTES */;
/*!40101 SET SQL_MODE=@OLD_SQL_MODE */;
/*!40014 SET FOREIGN_KEY_CHECKS=@OLD_FOREIGN_KEY_CHECKS */;
/*!40101 SET CHARACTER_SET_CLIENT=@OLD_CHARACTER_SET_CLIENT */;
/*!40101 SET CHARACTER_SET_RESULTS=@OLD_CHARACTER_SET_RESULTS */;
/*!40101 SET COLLATION_CONNECTION=@OLD_COLLATION_CONNECTION */;
